[{"model": "contenttypes.contenttype", "fields": {"model": "logentry", "name": "log entry", "app_label": "admin"}, "pk": 1}, {"model": "contenttypes.contenttype", "fields": {"model": "permission", "name": "permission", "app_label": "auth"}, "pk": 2}, {"model": "contenttypes.contenttype", "fields": {"model": "group", "name": "group", "app_label": "auth"}, "pk": 3}, {"model": "contenttypes.contenttype", "fields": {"model": "user", "name": "user", "app_label": "auth"}, "pk": 4}, {"model": "contenttypes.contenttype", "fields": {"model": "contenttype", "name": "content type", "app_label": "contenttypes"}, "pk": 5}, {"model": "contenttypes.contenttype", "fields": {"model": "session", "name": "session", "app_label": "sessions"}, "pk": 6}, {"model": "contenttypes.contenttype", "fields": {"model": "site", "name": "site", "app_label": "sites"}, "pk": 7}, {"model": "contenttypes.contenttype", "fields": {"model": "project", "name": "project", "app_label": "issue"}, "pk": 8}, {"model": "contenttypes.contenttype", "fields": {"model": "label", "name": "label", "app_label": "issue"}, "pk": 9}, {"model": "contenttypes.contenttype", "fields": {"model": "milestone", "name": "milestone", "app_label": "issue"}, "pk": 10}, {"model": "contenttypes.contenttype", "fields": {"model": "issue", "name": "issue", "app_label": "issue"}, "pk": 11}, {"model": "contenttypes.contenttype", "fields": {"model": "event", "name": "event", "app_label": "issue"}, "pk": 12}, {"model": "contenttypes.contenttype", "fields": {"model": "settings", "name": "settings", "app_label": "issue"}, "pk": 13}, {"model": "contenttypes.contenttype", "fields": {"model": "team", "name": "team", "app_label": "issue"}, "pk": 14}, {"model": "contenttypes.contenttype", "fields": {"model": "globalpermission", "name": "global permission", "app_label": "issue"}, "pk": 15}, {"model": "contenttypes.contenttype", "fields": {"model": "projectpermission", "name": "project permission", "app_label": "issue"}, "pk": 16}, {"model": "contenttypes.contenttype", "fields": {"model": "user", "name": "user", "app_label": "issue"}, "pk": 17}, {"model": "sessions.session", "fields": {"expire_date": "2014-09-02T02:20:00.632Z", "session_data": "MjY5NjI4NWQ4MGY5MDhiNzFlMjQxNWU2MDNhNGU3OWE2M2JiODRhYzp7Il9hdXRoX3VzZXJfYmFja2VuZCI6ImRqYW5nby5jb250cmliLmF1dGguYmFja2VuZHMuTW9kZWxCYWNrZW5kIiwiX2F1dGhfdXNlcl9oYXNoIjoiYTMzMjc1MjY4NjdjNDFiYzM1MmVjNzcxMWMxMzlmMzRkZThkOTVlZCIsIl9hdXRoX3VzZXJfaWQiOjF9"}, "pk": "0vokkg3d6eq44xrx2ivfi2vuneoeidjs"}, {"model": "sessions.session", "fields": {"expire_date": "2014-08-26T06:58:11.144Z", "session_data": "MWY2MzEyZDVhNGM3NzE0NzlhYjVhOTY0MDc1NjdjMzg0YTI1MTRiYjp7Il9hdXRoX3VzZXJfaGFzaCI6IjRiZWMyZjczMmUyOTJmOWRhZWE2ZjRhYWE3NDAyOTYxMThhNGZkMzAiLCJfYXV0aF91c2VyX2lkIjozLCJfYXV0aF91c2VyX2JhY2tlbmQiOiJkamFuZ28uY29udHJpYi5hdXRoLmJhY2tlbmRzLk1vZGVsQmFja2VuZCJ9"}, "pk": "9072sbxqxf8m6dmofd2cd61mzn6r9gwb"}, {"model": "sessions.session", "fields": {"expire_date": "2014-08-29T19:30:25.999Z", "session_data": "NjY1ODIwMTFlZWRhYjg2MzIyNjcwMWMzM2FmYTNjOGVmZjQ5MTM4NTp7fQ=="}, "pk": "dv666d09me3m9qbe1yjdno6gicwf85xl"}, {"model": "sessions.session", "fields": {"expire_date": "2014-08-22T21:39:30.632Z", "session_data": "ODAwMGQyMTQzZWRmOTQxYWM5NzhhZTRkYmMxZjIyYTU1YWJiMDg4Zjp7Il9hdXRoX3VzZXJfYmFja2VuZCI6ImRqYW5nby5jb250cmliLmF1dGguYmFja2VuZHMuTW9kZWxCYWNrZW5kIiwiX2F1dGhfdXNlcl9pZCI6MywiX2F1dGhfdXNlcl9oYXNoIjoiNGJlYzJmNzMyZTI5MmY5ZGFlYTZmNGFhYTc0MDI5NjExOGE0ZmQzMCJ9"}, "pk": "pqd4c9l1pxxcglphnell7nj10nwgxhv5"}, {"model": "sessions.session", "fields": {"expire_date": "2014-08-27T02:25:33.439Z", "session_data": "OTk3MzRkYjkwZGRiYTJjMjdjYzU4MmZkN2Q4MmRhNDdlN2RlY2I2Nzp7Il9hdXRoX3VzZXJfaWQiOjEsIl9hdXRoX3VzZXJfaGFzaCI6ImEzMzI3NTI2ODY3YzQxYmMzNTJlYzc3MTFjMTM5ZjM0ZGU4ZDk1ZWQiLCJfYXV0aF91c2VyX2JhY2tlbmQiOiJkamFuZ28uY29udHJpYi5hdXRoLmJhY2tlbmRzLk1vZGVsQmFja2VuZCJ9"}, "pk": "tvfpugiiwxl29g1qrvkxz2cnthb8wy05"}, {"model": "sessions.session", "fields": {"expire_date": "2014-08-27T06:08:48.671Z", "session_data": "MmQyM2RlMmM1NDNkYWI1ZTk2OWRlNTA4MWFmNmNmNWIzYjZiZTAzOTp7Il9hdXRoX3VzZXJfaWQiOjEsIl9hdXRoX3VzZXJfYmFja2VuZCI6ImRqYW5nby5jb250cmliLmF1dGguYmFja2VuZHMuTW9kZWxCYWNrZW5kIiwiX2F1dGhfdXNlcl9oYXNoIjoiYTMzMjc1MjY4NjdjNDFiYzM1MmVjNzcxMWMxMzlmMzRkZThkOTVlZCJ9"}, "pk": "u69nkkh0wafekkytyp2hvmo6i8ea0r1f"}, {"model": "sessions.session", "fields": {"expire_date": "2014-08-27T00:05:43.910Z", "session_data": "OTk3MzRkYjkwZGRiYTJjMjdjYzU4MmZkN2Q4MmRhNDdlN2RlY2I2Nzp7Il9hdXRoX3VzZXJfaWQiOjEsIl9hdXRoX3VzZXJfaGFzaCI6ImEzMzI3NTI2ODY3YzQxYmMzNTJlYzc3MTFjMTM5ZjM0ZGU4ZDk1ZWQiLCJfYXV0aF91c2VyX2JhY2tlbmQiOiJkamFuZ28uY29udHJpYi5hdXRoLmJhY2tlbmRzLk1vZGVsQmFja2VuZCJ9"}, "pk": "u82z217z07qhpr1ta0d7e0yws0v5tcrc"}, {"model": "sessions.session", "fields": {"expire_date": "2014-08-22T21:16:54.042Z", "session_data": "ODAwMGQyMTQzZWRmOTQxYWM5NzhhZTRkYmMxZjIyYTU1YWJiMDg4Zjp7Il9hdXRoX3VzZXJfYmFja2VuZCI6ImRqYW5nby5jb250cmliLmF1dGguYmFja2VuZHMuTW9kZWxCYWNrZW5kIiwiX2F1dGhfdXNlcl9pZCI6MywiX2F1dGhfdXNlcl9oYXNoIjoiNGJlYzJmNzMyZTI5MmY5ZGFlYTZmNGFhYTc0MDI5NjExOGE0ZmQzMCJ9"}, "pk": "ulbl2kkyz1mmstv1obcb2isxzxbd40pb"}, {"model": "sessions.session", "fields": {"expire_date": "2014-08-22T16:41:38.940Z", "session_data": "ZWExYjgwZmIyZTIxNGU4Y2RjOWJiMDc0NWJmMWI4Yjk0OTE2YjE3MDp7Il9hdXRoX3VzZXJfYmFja2VuZCI6ImRqYW5nby5jb250cmliLmF1dGguYmFja2VuZHMuTW9kZWxCYWNrZW5kIiwiX2F1dGhfdXNlcl9pZCI6MSwiX2F1dGhfdXNlcl9oYXNoIjoiYTMzMjc1MjY4NjdjNDFiYzM1MmVjNzcxMWMxMzlmMzRkZThkOTVlZCJ9"}, "pk": "xkl50v01skood5nezx6zhg3bfwruxhi2"}, {"model": "sites.site", "fields": {"name": "example.com", "domain": "example.com"}, "pk": 1}, {"model": "issue.label", "fields": {"inverted": true, "name": "bug", "color": "#FF0000", "deleted": false, "project": "project-1"}, "pk": 1}, {"model": "issue.label", "fields": {"inverted": true, "name": "feature", "color": "#00A000", "deleted": false, "project": "project-1"}, "pk": 2}, {"model": "issue.label", "fields": {"inverted": true, "name": "documentation", "color": "#1D3DBE", "deleted": false, "project": "project-1"}, "pk": 3}, {"model": "issue.label", "fields": {"inverted": true, "name": "bug", "color": "#FF0000", "deleted": false, "project": "project-2"}, "pk": 4}, {"model": "issue.label", "fields": {"inverted": true, "name": "feature", "color": "#00A000", "deleted": false, "project": "project-2"}, "pk": 5}, {"model": "issue.label", "fields": {"inverted": true, "name": "documentation", "color": "#1D3DBE", "deleted": false, "project": "project-2"}, "pk": 6}, {"model": "issue.label", "fields": {"inverted": false, "name": "low priority", "color": "#ffffff", "deleted": false, "project": "project-2"}, "pk": 7}, {"model": "issue.milestone", "fields": {"due_date": "2014-08-12T19:43:00Z", "closed": false, "name": "v1.0", "project": "project-1"}, "pk": 1}, {"model": "issue.milestone", "fields": {"due_date": null, "closed": false, "name": "v1.0", "project": "project-2"}, "pk": 2}, {"model": "issue.milestone", "fields": {"due_date": "2014-08-12T22:18:00Z", "closed": false, "name": "v2.0", "project": "project-2"}, "pk": 3}, {"model": "issue.globalpermission", "fields": {"manage_project_permission": false, "modify_project": false, "create_issue": false, "modify_comment": false, "delete_issue": false, "add_team": true, "grantee_type": 0, "delete_tags": false, "grantee_name": "user3", "create_comment": false, "delete_project": false, "create_project": true, "manage_tags": false, "manage_issue": false, "delete_comment": false, "manage_global_permission": false, "manage_team": false, "modify_issue": false}, "pk": 1}, {"model": "issue.globalpermission", "fields": {"manage_project_permission": false, "modify_project": true, "create_issue": false, "modify_comment": false, "delete_issue": false, "add_team": true, "grantee_type": 1, "delete_tags": false, "grantee_name": "group1", "create_comment": false, "delete_project": false, "create_project": false, "manage_tags": false, "manage_issue": false, "delete_comment": false, "manage_global_permission": false, "manage_team": false, "modify_issue": false}, "pk": 4}, {"model": "issue.globalpermission", "fields": {"manage_project_permission": false, "modify_project": false, "create_issue": false, "modify_comment": false, "delete_issue": false, "add_team": true, "grantee_type": 2, "delete_tags": false, "grantee_name": "team1", "create_comment": false, "delete_project": true, "create_project": false, "manage_tags": false, "manage_issue": false, "delete_comment": false, "manage_global_permission": false, "manage_team": false, "modify_issue": false}, "pk": 5}, {"model": "issue.globalpermission", "fields": {"manage_project_permission": false, "modify_project": false, "create_issue": false, "modify_comment": false, "delete_issue": false, "add_team": false, "grantee_type": 0, "delete_tags": false, "grantee_name": "user15", "create_comment": false, "delete_project": false, "create_project": false, "manage_tags": false, "manage_issue": false, "delete_comment": false, "manage_global_permission": true, "manage_team": false, "modify_issue": false}, "pk": 6}, {"model": "issue.projectpermission", "fields": {"manage_project_permission": false, "create_issue": true, "modify_comment": false, "delete_issue": false, "manage_issue": false, "delete_tags": false, "grantee_name": "user3", "manage_tags": false, "project": "project-1", "delete_comment": false, "create_comment": false, "grantee_type": 0, "modify_issue": false}, "pk": 1}, {"model": "issue.projectpermission", "fields": {"manage_project_permission": false, "create_issue": false, "modify_comment": false, "delete_issue": false, "manage_issue": false, "delete_tags": false, "grantee_name": "group1", "manage_tags": false, "project": "project-1", "delete_comment": false, "create_comment": false, "grantee_type": 1, "modify_issue": true}, "pk": 2}, {"model": "issue.projectpermission", "fields": {"manage_project_permission": false, "create_issue": false, "modify_comment": false, "delete_issue": true, "manage_issue": false, "delete_tags": false, "grantee_name": "team1", "manage_tags": false, "project": "project-1", "delete_comment": false, "create_comment": false, "grantee_type": 2, "modify_issue": false}, "pk": 3}, {"model": "issue.projectpermission", "fields": {"manage_project_permission": false, "create_issue": false, "modify_comment": false, "delete_issue": false, "manage_issue": false, "delete_tags": false, "grantee_name": "user2", "manage_tags": false, "project": "project-2", "delete_comment": false, "create_comment": false, "grantee_type": 0, "modify_issue": false}, "pk": 4}, {"model": "issue.projectpermission", "fields": {"manage_project_permission": false, "create_issue": true, "modify_comment": false, "delete_issue": false, "manage_issue": false, "delete_tags": false, "grantee_name": "user5", "manage_tags": false, "project": "project-2", "delete_comment": false, "create_comment": false, "grantee_type": 0, "modify_issue": false}, "pk": 5}, {"model": "issue.projectpermission", "fields": {"manage_project_permission": false, "create_issue": false, "modify_comment": false, "delete_issue": false, "manage_issue": true, "delete_tags": false, "grantee_name": "user6", "manage_tags": false, "project": "project-2", "delete_comment": false, "create_comment": false, "grantee_type": 0, "modify_issue": false}, "pk": 6}, {"model": "issue.projectpermission", "fields": {"manage_project_permission": false, "create_issue": false, "modify_comment": false, "delete_issue": false, "manage_issue": false, "delete_tags": false, "grantee_name": "user7", "manage_tags": false, "project": "project-2", "delete_comment": false, "create_comment": false, "grantee_type": 0, "modify_issue": true}, "pk": 7}, {"model": "issue.projectpermission", "fields": {"manage_project_permission": false, "create_issue": false, "modify_comment": false, "delete_issue": true, "manage_issue": false, "delete_tags": false, "grantee_name": "user8", "manage_tags": false, "project": "project-2", "delete_comment": false, "create_comment": false, "grantee_type": 0, "modify_issue": false}, "pk": 8}, {"model": "issue.projectpermission", "fields": {"manage_project_permission": false, "create_issue": false, "modify_comment": false, "delete_issue": false, "manage_issue": false, "delete_tags": false, "grantee_name": "user9", "manage_tags": false, "project": "project-2", "delete_comment": false, "create_comment": true, "grantee_type": 0, "modify_issue": false}, "pk": 9}, {"model": "issue.projectpermission", "fields": {"manage_project_permission": false, "create_issue": false, "modify_comment": true, "delete_issue": false, "manage_issue": false, "delete_tags": false, "grantee_name": "user10", "manage_tags": false, "project": "project-2", "delete_comment": false, "create_comment": false, "grantee_type": 0, "modify_issue": false}, "pk": 10}, {"model": "issue.projectpermission", "fields": {"manage_project_permission": false, "create_issue": false, "modify_comment": false, "delete_issue": false, "manage_issue": false, "delete_tags": false, "grantee_name": "user11", "manage_tags": false, "project": "project-2", "delete_comment": true, "create_comment": false, "grantee_type": 0, "modify_issue": false}, "pk": 11}, {"model": "issue.projectpermission", "fields": {"manage_project_permission": false, "create_issue": false, "modify_comment": false, "delete_issue": false, "manage_issue": false, "delete_tags": false, "grantee_name": "user12", "manage_tags": true, "project": "project-2", "delete_comment": false, "create_comment": false, "grantee_type": 0, "modify_issue": false}, "pk": 12}, {"model": "issue.projectpermission", "fields": {"manage_project_permission": false, "create_issue": false, "modify_comment": false, "delete_issue": false, "manage_issue": false, "delete_tags": true, "grantee_name": "user13", "manage_tags": false, "project": "project-2", "delete_comment": false, "create_comment": false, "grantee_type": 0, "modify_issue": false}, "pk": 13}, {"model": "issue.projectpermission", "fields": {"manage_project_permission": true, "create_issue": false, "modify_comment": false, "delete_issue": false, "manage_issue": false, "delete_tags": false, "grantee_name": "user14", "manage_tags": false, "project": "project-2", "delete_comment": false, "create_comment": false, "grantee_type": 0, "modify_issue": false}, "pk": 14}, {"model": "auth.permission", "fields": {"codename": "add_logentry", "name": "Can add log entry", "content_type": 1}, "pk": 1}, {"model": "auth.permission", "fields": {"codename": "change_logentry", "name": "Can change log entry", "content_type": 1}, "pk": 2}, {"model": "auth.permission", "fields": {"codename": "delete_logentry", "name": "Can delete log entry", "content_type": 1}, "pk": 3}, {"model": "auth.permission", "fields": {"codename": "add_permission", "name": "Can add permission", "content_type": 2}, "pk": 4}, {"model": "auth.permission", "fields": {"codename": "change_permission", "name": "Can change permission", "content_type": 2}, "pk": 5}, {"model": "auth.permission", "fields": {"codename": "delete_permission", "name": "Can delete permission", "content_type": 2}, "pk": 6}, {"model": "auth.permission", "fields": {"codename": "add_group", "name": "Can add group", "content_type": 3}, "pk": 7}, {"model": "auth.permission", "fields": {"codename": "change_group", "name": "Can change group", "content_type": 3}, "pk": 8}, {"model": "auth.permission", "fields": {"codename": "delete_group", "name": "Can delete group", "content_type": 3}, "pk": 9}, {"model": "auth.permission", "fields": {"codename": "add_user", "name": "Can add user", "content_type": 4}, "pk": 10}, {"model": "auth.permission", "fields": {"codename": "change_user", "name": "Can change user", "content_type": 4}, "pk": 11}, {"model": "auth.permission", "fields": {"codename": "delete_user", "name": "Can delete user", "content_type": 4}, "pk": 12}, {"model": "auth.permission", "fields": {"codename": "add_contenttype", "name": "Can add content type", "content_type": 5}, "pk": 13}, {"model": "auth.permission", "fields": {"codename": "change_contenttype", "name": "Can change content type", "content_type": 5}, "pk": 14}, {"model": "auth.permission", "fields": {"codename": "delete_contenttype", "name": "Can delete content type", "content_type": 5}, "pk": 15}, {"model": "auth.permission", "fields": {"codename": "add_session", "name": "Can add session", "content_type": 6}, "pk": 16}, {"model": "auth.permission", "fields": {"codename": "change_session", "name": "Can change session", "content_type": 6}, "pk": 17}, {"model": "auth.permission", "fields": {"codename": "delete_session", "name": "Can delete session", "content_type": 6}, "pk": 18}, {"model": "auth.permission", "fields": {"codename": "add_site", "name": "Can add site", "content_type": 7}, "pk": 19}, {"model": "auth.permission", "fields": {"codename": "change_site", "name": "Can change site", "content_type": 7}, "pk": 20}, {"model": "auth.permission", "fields": {"codename": "delete_site", "name": "Can delete site", "content_type": 7}, "pk": 21}, {"model": "auth.permission", "fields": {"codename": "add_project", "name": "Can add project", "content_type": 8}, "pk": 22}, {"model": "auth.permission", "fields": {"codename": "change_project", "name": "Can change project", "content_type": 8}, "pk": 23}, {"model": "auth.permission", "fields": {"codename": "delete_project", "name": "Can delete project", "content_type": 8}, "pk": 24}, {"model": "auth.permission", "fields": {"codename": "add_label", "name": "Can add label", "content_type": 9}, "pk": 25}, {"model": "auth.permission", "fields": {"codename": "change_label", "name": "Can change label", "content_type": 9}, "pk": 26}, {"model": "auth.permission", "fields": {"codename": "delete_label", "name": "Can delete label", "content_type": 9}, "pk": 27}, {"model": "auth.permission", "fields": {"codename": "add_milestone", "name": "Can add milestone", "content_type": 10}, "pk": 28}, {"model": "auth.permission", "fields": {"codename": "change_milestone", "name": "Can change milestone", "content_type": 10}, "pk": 29}, {"model": "auth.permission", "fields": {"codename": "delete_milestone", "name": "Can delete milestone", "content_type": 10}, "pk": 30}, {"model": "auth.permission", "fields": {"codename": "add_issue", "name": "Can add issue", "content_type": 11}, "pk": 31}, {"model": "auth.permission", "fields": {"codename": "change_issue", "name": "Can change issue", "content_type": 11}, "pk": 32}, {"model": "auth.permission", "fields": {"codename": "delete_issue", "name": "Can delete issue", "content_type": 11}, "pk": 33}, {"model": "auth.permission", "fields": {"codename": "add_event", "name": "Can add event", "content_type": 12}, "pk": 34}, {"model": "auth.permission", "fields": {"codename": "change_event", "name": "Can change event", "content_type": 12}, "pk": 35}, {"model": "auth.permission", "fields": {"codename": "delete_event", "name": "Can delete event", "content_type": 12}, "pk": 36}, {"model": "auth.permission", "fields": {"codename": "add_settings", "name": "Can add settings", "content_type": 13}, "pk": 37}, {"model": "auth.permission", "fields": {"codename": "change_settings", "name": "Can change settings", "content_type": 13}, "pk": 38}, {"model": "auth.permission", "fields": {"codename": "delete_settings", "name": "Can delete settings", "content_type": 13}, "pk": 39}, {"model": "auth.permission", "fields": {"codename": "add_team", "name": "Can add team", "content_type": 14}, "pk": 40}, {"model": "auth.permission", "fields": {"codename": "change_team", "name": "Can change team", "content_type": 14}, "pk": 41}, {"model": "auth.permission", "fields": {"codename": "delete_team", "name": "Can delete team", "content_type": 14}, "pk": 42}, {"model": "auth.permission", "fields": {"codename": "add_globalpermission", "name": "Can add global permission", "content_type": 15}, "pk": 43}, {"model": "auth.permission", "fields": {"codename": "change_globalpermission", "name": "Can change global permission", "content_type": 15}, "pk": 44}, {"model": "auth.permission", "fields": {"codename": "delete_globalpermission", "name": "Can delete global permission", "content_type": 15}, "pk": 45}, {"model": "auth.permission", "fields": {"codename": "add_projectpermission", "name": "Can add project permission", "content_type": 16}, "pk": 46}, {"model": "auth.permission", "fields": {"codename": "change_projectpermission", "name": "Can change project permission", "content_type": 16}, "pk": 47}, {"model": "auth.permission", "fields": {"codename": "delete_projectpermission", "name": "Can delete project permission", "content_type": 16}, "pk": 48}, {"model": "auth.group", "fields": {"name": "group1", "permissions": []}, "pk": 1}, {"model": "auth.user", "fields": {"email": "", "user_permissions": [], "password": "pbkdf2_sha256$12000$qy5asFJAVx57$RneUin16DMOU6PIIdctZqjtUa0PjE2yDIiGAXg3qteI=", "is_superuser": true, "first_name": "", "is_staff": true, "is_active": true, "groups": [], "last_login": "2014-08-19T02:20:00.506Z", "date_joined": "2014-08-08T16:41:05.033Z", "last_name": "", "username": "admin"}, "pk": 1}, {"model": "auth.user", "fields": {"email": "", "user_permissions": [], "password": "pbkdf2_sha256$12000$drENNTEqIkBE$2GqTBGncULxAw9bLc6vyta1p/uJGFYuU0zrurDK77nI=", "is_superuser": false, "first_name": "", "is_staff": false, "is_active": true, "groups": [], "last_login": "2014-08-08T16:42:31Z", "date_joined": "2014-08-08T16:42:31Z", "last_name": "", "username": "user1"}, "pk": 2}, {"model": "auth.user", "fields": {"email": "", "user_permissions": [], "password": "pbkdf2_sha256$12000$3EduBVRie3iD$qHAbiBebSQq7RlJogSxeoWlinw8w7bcSXdOgn3WiyeM=", "is_superuser": false, "first_name": "", "is_staff": false, "is_active": true, "groups": [1], "last_login": "2014-08-08T21:39:30.498Z", "date_joined": "2014-08-08T18:26:40Z", "last_name": "", "username": "user2"}, "pk": 3}, {"model": "auth.user", "fields": {"email": "", "user_permissions": [], "password": "pbkdf2_sha256$12000$9ReiA9Yfsiu2$o+T1rHBTb1wFYIbzDoGliOFhqdHMvvLyOAk80JQnCeg=", "is_superuser": false, "first_name": "", "is_staff": false, "is_active": true, "groups": [], "last_login": "2014-08-08T18:27:04Z", "date_joined": "2014-08-08T18:27:04Z", "last_name": "", "username": "user3"}, "pk": 4}, {"model": "auth.user", "fields": {"email": "", "user_permissions": [], "password": "pbkdf2_sha256$12000$V83PwKTT9uhM$E+uXxLKQ7nmrDnJH+b/+MSp8jfkMkH0UxOZjqSjHJw4=", "is_superuser": false, "first_name": "", "is_staff": false, "is_active": true, "groups": [], "last_login": "2014-08-08T18:54:24.705Z", "date_joined": "2014-08-08T18:54:24.705Z", "last_name": "", "username": "user4"}, "pk": 5}, {"model": "auth.user", "fields": {"email": "", "user_permissions": [], "password": "pbkdf2_sha256$12000$NOPq906lrJ8H$BMHx3slAgeQ3wgCHHjfULRgdhjLoDpQHzzlpzGvK2r0=", "is_superuser": false, "first_name": "", "is_staff": false, "is_active": true, "groups": [], "last_login": "2014-08-13T06:07:48.508Z", "date_joined": "2014-08-13T00:06:33.263Z", "last_name": "", "username": "user5"}, "pk": 6}, {"model": "auth.user", "fields": {"email": "", "user_permissions": [], "password": "pbkdf2_sha256$12000$qIg3RVaNemsx$aKfUwN4s5szqS2c6t4s3xUm13F9am+rrYdeS17fNA+A=", "is_superuser": false, "first_name": "", "is_staff": false, "is_active": true, "groups": [], "last_login": "2014-08-13T00:06:45.006Z", "date_joined": "2014-08-13T00:06:45.006Z", "last_name": "", "username": "user6"}, "pk": 7}, {"model": "auth.user", "fields": {"email": "", "user_permissions": [], "password": "pbkdf2_sha256$12000$aMEK1COCL2AQ$V1oN9jBNEk74+VY5Bzk+wgt+iaaDkt5F4lEfoZFuVEM=", "is_superuser": false, "first_name": "", "is_staff": false, "is_active": true, "groups": [], "last_login": "2014-08-13T00:06:51.123Z", "date_joined": "2014-08-13T00:06:51.123Z", "last_name": "", "username": "user7"}, "pk": 8}, {"model": "auth.user", "fields": {"email": "", "user_permissions": [], "password": "pbkdf2_sha256$12000$pm8DYEcJ3tCd$dCOqr1XBut+SeZPcyaB/n/YvSl82x/ZTqQlqvYoTRAk=", "is_superuser": false, "first_name": "", "is_staff": false, "is_active": true, "groups": [], "last_login": "2014-08-13T00:06:58.258Z", "date_joined": "2014-08-13T00:06:58.258Z", "last_name": "", "username": "user8"}, "pk": 9}, {"model": "auth.user", "fields": {"email": "", "user_permissions": [], "password": "pbkdf2_sha256$12000$rz8pHZi9D2wd$nS0Wzv6wKGIdaHf/w2W3s4WPc1UzNvrLGpxl73pDlc8=", "is_superuser": false, "first_name": "", "is_staff": false, "is_active": true, "groups": [], "last_login": "2014-08-13T00:07:06.058Z", "date_joined": "2014-08-13T00:07:06.058Z", "last_name": "", "username": "user9"}, "pk": 10}, {"model": "auth.user", "fields": {"email": "", "user_permissions": [], "password": "pbkdf2_sha256$12000$PnfXEvOFXdkH$KNeQ9EmxcWQItwn0O6GAgrGqSsADpkLHDptLOZqRUz8=", "is_superuser": false, "first_name": "", "is_staff": false, "is_active": true, "groups": [], "last_login": "2014-08-19T02:20:10.928Z", "date_joined": "2014-08-19T02:20:10.928Z", "last_name": "", "username": "user10"}, "pk": 11}, {"model": "auth.user", "fields": {"email": "", "user_permissions": [], "password": "pbkdf2_sha256$12000$YoD2cw2DWBrJ$grA3gBwYHXTFBm7rYqaYLbjTWfoxg3dMAXAJ5otVUeE=", "is_superuser": false, "first_name": "", "is_staff": false, "is_active": true, "groups": [], "last_login": "2014-08-19T02:20:24.679Z", "date_joined": "2014-08-19T02:20:24.679Z", "last_name": "", "username": "user11"}, "pk": 12}, {"model": "auth.user", "fields": {"email": "", "user_permissions": [], "password": "pbkdf2_sha256$12000$PtLTOXgu60Fv$fKxvZLB7n70jbzDr5B9IJPcqz+KYdo2kjEsbe4mcpB8=", "is_superuser": false, "first_name": "", "is_staff": false, "is_active": true, "groups": [], "last_login": "2014-08-19T02:20:31.288Z", "date_joined": "2014-08-19T02:20:31.288Z", "last_name": "", "username": "user12"}, "pk": 13}, {"model": "auth.user", "fields": {"email": "", "user_permissions": [], "password": "pbkdf2_sha256$12000$iOqaasAgA88c$A2lgrA4arjKQiRZ8X/N4X0TwCjk6Pq3b6MmVvFXJivY=", "is_superuser": false, "first_name": "", "is_staff": false, "is_active": true, "groups": [], "last_login": "2014-08-19T02:20:40.487Z", "date_joined": "2014-08-19T02:20:40.487Z", "last_name": "", "username": "user13"}, "pk": 14}, {"model": "auth.user", "fields": {"email": "", "user_permissions": [], "password": "pbkdf2_sha256$12000$GrNF0rTyUow1$JtdT6tw1KxXEf7sgkBa3EAzWC8+uh1y1wybeZVIT6vc=", "is_superuser": false, "first_name": "", "is_staff": false, "is_active": true, "groups": [], "last_login": "2014-08-19T02:20:47.059Z", "date_joined": "2014-08-19T02:20:47.060Z", "last_name": "", "username": "user14"}, "pk": 15}, {"model": "auth.user", "fields": {"email": "", "user_permissions": [], "password": "pbkdf2_sha256$12000$ixz6C18KVI4S$wnNJMJwB4oO0yz4NUTqbtrAdq6LxRbXFrq3mq0NkA3w=", "is_superuser": false, "first_name": "", "is_staff": false, "is_active": true, "groups": [], "last_login": "2014-08-19T02:20:55.218Z", "date_joined": "2014-08-19T02:20:55.218Z", "last_name": "", "username": "user15"}, "pk": 16}, {"model": "auth.user", "fields": {"email": "", "user_permissions": [], "password": "pbkdf2_sha256$12000$LBpJTHuCS7Ri$G8rFIAcTxCUY7gYYoZ1v+qaHhNkitAibIkijZvSJnkU=", "is_superuser": false, "first_name": "", "is_staff": false, "is_active": true, "groups": [], "last_login": "2014-08-19T02:21:03.081Z", "date_joined": "2014-08-19T02:21:03.081Z", "last_name": "", "username": "user16"}, "pk": 17}, {"model": "issue.project", "fields": {"display_name": "Project 1", "public": true, "description": "This is a public project.", "subscribers": []}, "pk": "project-1"}, {"model": "issue.project", "fields": {"display_name": "Project 2", "public": false, "description": "This is a private project.", "subscribers": []}, "pk": "project-2"}, {"model": "issue.issue", "fields": {"id": 1, "assignee": null, "author": 1, "title": "Issue 1", "project": "project-1", "milestone": 1, "labels": [1], "subscribers": [], "closed": false, "opened_at": "2014-08-13T02:42:36.703Z"}, "pk": 1}, {"model": "issue.issue", "fields": {"id": 1, "assignee": null, "author": 1, "title": "Issue 1", "project": "project-2", "milestone": 3, "labels": [5, 7], "subscribers": [], "closed": false, "opened_at": "2014-08-13T05:18:20.391Z"}, "pk": 2}, {"model": "issue.issue", "fields": {"id": 2, "assignee": null, "author": 1, "title": "Issue 2", "project": "project-2", "milestone": null, "labels": [], "subscribers": [], "closed": true, "opened_at": "2014-08-13T06:04:58.153Z"}, "pk": 3}, {"model": "issue.event", "fields": {"issue": 1, "author": 1, "code": 11, "date": "2014-08-13T02:42:36.879Z", "_args": "{}", "additionnal_section": "This is the first issue."}, "pk": 1}, {"model": "issue.event", "fields": {"issue": 1, "author": 1, "code": 4, "date": "2014-08-13T02:43:24.991Z", "_args": "{\"label\": 1}", "additionnal_section": ""}, "pk": 2}, {"model": "issue.event", "fields": {"issue": 1, "author": 1, "code": 6, "date": "2014-08-13T02:43:36.623Z", "_args": "{\"milestone\": \"v1.0\"}", "additionnal_section": ""}, "pk": 3}, {"model": "issue.event", "fields": {"issue": 2, "author": 1, "code": 11, "date": "2014-08-13T05:18:20.585Z", "_args": "{}", "additionnal_section": "This is the first issue."}, "pk": 4}, {"model": "issue.event", "fields": {"issue": 2, "author": 1, "code": 4, "date": "2014-08-13T05:18:25.994Z", "_args": "{\"label\": 4}", "additionnal_section": ""}, "pk": 5}, {"model": "issue.event", "fields": {"issue": 2, "author": 1, "code": 4, "date": "2014-08-13T05:18:30.765Z", "_args": "{\"label\": 5}", "additionnal_section": ""}, "pk": 6}, {"model": "issue.event", "fields": {"issue": 2, "author": 1, "code": 5, "date": "2014-08-13T05:18:33.342Z", "_args": "{\"label\": 4}", "additionnal_section": ""}, "pk": 7}, {"model": "issue.event", "fields": {"issue": 2, "author": 1, "code": 6, "date": "2014-08-13T05:18:40.484Z", "_args": "{\"milestone\": \"v1.0\"}", "additionnal_section": ""}, "pk": 8}, {"model": "issue.event", "fields": {"issue": 2, "author": 1, "code": 7, "date": "2014-08-13T05:18:49.552Z", "_args": "{\"new_milestone\": \"v2.0\", \"old_milestone\": \"v1.0\"}", "additionnal_section": ""}, "pk": 9}, {"model": "issue.event", "fields": {"issue": 2, "author": 1, "code": 10, "date": "2014-08-13T05:19:04.929Z", "_args": "{}", "additionnal_section": "Done"}, "pk": 10}, {"model": "issue.event", "fields": {"issue": 2, "author": 1, "code": 1, "date": "2014-08-13T05:19:07.194Z", "_args": "{}", "additionnal_section": ""}, "pk": 11}, {"model": "issue.event", "fields": {"issue": 2, "author": 1, "code": 10, "date": "2014-08-13T05:19:20.077Z", "_args": "{}", "additionnal_section": "Missing things"}, "pk": 12}, {"model": "issue.event", "fields": {"issue": 2, "author": 1, "code": 2, "date": "2014-08-13T05:19:22.049Z", "_args": "{}", "additionnal_section": ""}, "pk": 13}, {"model": "issue.event", "fields": {"issue": 2, "author": 1, "code": 4, "date": "2014-08-13T05:23:17.622Z", "_args": "{\"label\": 7}", "additionnal_section": ""}, "pk": 14}, {"model": "issue.event", "fields": {"issue": 3, "author": 1, "code": 11, "date": "2014-08-13T06:04:58.351Z", "_args": "{}", "additionnal_section": "This is the second issue."}, "pk": 15}, {"model": "issue.event", "fields": {"issue": 3, "author": 1, "code": 1, "date": "2014-08-13T06:05:00.212Z", "_args": "{}", "additionnal_section": ""}, "pk": 16}, {"model": "issue.team", "fields": {"users": [2], "name": "team1", "groups": []}, "pk": 1}, {"model": "issue.team", "fields": {"users": [], "name": "team2", "groups": [1]}, "pk": 2}, {"model": "admin.logentry", "fields": {"action_flag": 1, "user": 1, "content_type": 4, "action_time": "2014-08-08T16:42:31.376Z", "object_id": "2", "object_repr": "user1", "change_message": ""}, "pk": 1}, {"model": "admin.logentry", "fields": {"action_flag": 1, "user": 1, "content_type": 3, "action_time": "2014-08-08T18:26:25.358Z", "object_id": "1", "object_repr": "group1", "change_message": ""}, "pk": 2}, {"model": "admin.logentry", "fields": {"action_flag": 1, "user": 1, "content_type": 4, "action_time": "2014-08-08T18:26:40.841Z", "object_id": "3", "object_repr": "user2", "change_message": ""}, "pk": 3}, {"model": "admin.logentry", "fields": {"action_flag": 1, "user": 1, "content_type": 14, "action_time": "2014-08-08T18:26:44.875Z", "object_id": "1", "object_repr": "team1", "change_message": ""}, "pk": 4}, {"model": "admin.logentry", "fields": {"action_flag": 1, "user": 1, "content_type": 14, "action_time": "2014-08-08T18:26:53.220Z", "object_id": "2", "object_repr": "team2", "change_message": ""}, "pk": 5}, {"model": "admin.logentry", "fields": {"action_flag": 1, "user": 1, "content_type": 4, "action_time": "2014-08-08T18:27:04.108Z", "object_id": "4", "object_repr": "user3", "change_message": ""}, "pk": 6}, {"model": "admin.logentry", "fields": {"action_flag": 2, "user": 1, "content_type": 4, "action_time": "2014-08-08T18:27:15.492Z", "object_id": "4", "object_repr": "user3", "change_message": "Changed groups."}, "pk": 7}, {"model": "admin.logentry", "fields": {"action_flag": 2, "user": 1, "content_type": 14, "action_time": "2014-08-08T18:34:58.697Z", "object_id": "1", "object_repr": "team1", "change_message": "Changed users."}, "pk": 8}, {"model": "admin.logentry", "fields": {"action_flag": 2, "user": 1, "content_type": 4, "action_time": "2014-08-08T18:35:14.882Z", "object_id": "4", "object_repr": "user3", "change_message": "Changed groups."}, "pk": 9}, {"model": "admin.logentry", "fields": {"action_flag": 2, "user": 1, "content_type": 4, "action_time": "2014-08-08T18:35:20.072Z", "object_id": "2", "object_repr": "user1", "change_message": "Changed groups."}, "pk": 10}, {"model": "admin.logentry", "fields": {"action_flag": 2, "user": 1, "content_type": 4, "action_time": "2014-08-08T18:36:02.040Z", "object_id": "2", "object_repr": "user1", "change_message": "Changed groups."}, "pk": 11}, {"model": "admin.logentry", "fields": {"action_flag": 2, "user": 1, "content_type": 14, "action_time": "2014-08-08T18:36:10.947Z", "object_id": "1", "object_repr": "team1", "change_message": "No fields changed."}, "pk": 12}, {"model": "admin.logentry", "fields": {"action_flag": 2, "user": 1, "content_type": 4, "action_time": "2014-08-08T18:36:24.856Z", "object_id": "3", "object_repr": "user2", "change_message": "Changed groups."}, "pk": 13}, {"model": "admin.logentry", "fields": {"action_flag": 2, "user": 1, "content_type": 14, "action_time": "2014-08-08T18:36:30.902Z", "object_id": "2", "object_repr": "team2", "change_message": "No fields changed."}, "pk": 14}, {"model": "admin.logentry", "fields": {"action_flag": 2, "user": 1, "content_type": 14, "action_time": "2014-08-08T18:37:56.866Z", "object_id": "1", "object_repr": "team1", "change_message": "No fields changed."}, "pk": 15}, {"model": "admin.logentry", "fields": {"action_flag": 1, "user": 1, "content_type": 4, "action_time": "2014-08-08T18:54:24.771Z", "object_id": "5", "object_repr": "user4", "change_message": ""}, "pk": 16}, {"model": "admin.logentry", "fields": {"action_flag": 1, "user": 1, "content_type": 4, "action_time": "2014-08-13T00:06:33.326Z", "object_id": "6", "object_repr": "user5", "change_message": ""}, "pk": 17}, {"model": "admin.logentry", "fields": {"action_flag": 1, "user": 1, "content_type": 4, "action_time": "2014-08-13T00:06:45.049Z", "object_id": "7", "object_repr": "user6", "change_message": ""}, "pk": 18}, {"model": "admin.logentry", "fields": {"action_flag": 1, "user": 1, "content_type": 4, "action_time": "2014-08-13T00:06:51.167Z", "object_id": "8", "object_repr": "user7", "change_message": ""}, "pk": 19}, {"model": "admin.logentry", "fields": {"action_flag": 1, "user": 1, "content_type": 4, "action_time": "2014-08-13T00:06:58.302Z", "object_id": "9", "object_repr": "user8", "change_message": ""}, "pk": 20}, {"model": "admin.logentry", "fields": {"action_flag": 1, "user": 1, "content_type": 4, "action_time": "2014-08-13T00:07:06.103Z", "object_id": "10", "object_repr": "user9", "change_message": ""}, "pk": 21}, {"model": "admin.logentry", "fields": {"action_flag": 1, "user": 1, "content_type": 4, "action_time": "2014-08-19T02:20:10.975Z", "object_id": "11", "object_repr": "user10", "change_message": ""}, "pk": 22}, {"model": "admin.logentry", "fields": {"action_flag": 1, "user": 1, "content_type": 4, "action_time": "2014-08-19T02:20:24.723Z", "object_id": "12", "object_repr": "user11", "change_message": ""}, "pk": 23}, {"model": "admin.logentry", "fields": {"action_flag": 1, "user": 1, "content_type": 4, "action_time": "2014-08-19T02:20:31.332Z", "object_id": "13", "object_repr": "user12", "change_message": ""}, "pk": 24}, {"model": "admin.logentry", "fields": {"action_flag": 1, "user": 1, "content_type": 4, "action_time": "2014-08-19T02:20:40.533Z", "object_id": "14", "object_repr": "user13", "change_message": ""}, "pk": 25}, {"model": "admin.logentry", "fields": {"action_flag": 1, "user": 1, "content_type": 4, "action_time": "2014-08-19T02:20:47.106Z", "object_id": "15", "object_repr": "user14", "change_message": ""}, "pk": 26}, {"model": "admin.logentry", "fields": {"action_flag": 1, "user": 1, "content_type": 4, "action_time": "2014-08-19T02:20:55.265Z", "object_id": "16", "object_repr": "user15", "change_message": ""}, "pk": 27}, {"model": "admin.logentry", "fields": {"action_flag": 1, "user": 1, "content_type": 4, "action_time": "2014-08-19T02:21:03.137Z", "object_id": "17", "object_repr": "user16", "change_message": ""}, "pk": 28}]