[{"pk": 1, "fields": {"project": "project-1", "name": "bug", "deleted": false, "color": "#FF0000", "inverted": true}, "model": "issue.label"}, {"pk": 2, "fields": {"project": "project-1", "name": "feature", "deleted": false, "color": "#00A000", "inverted": true}, "model": "issue.label"}, {"pk": 3, "fields": {"project": "project-1", "name": "documentation", "deleted": false, "color": "#1D3DBE", "inverted": true}, "model": "issue.label"}, {"pk": 4, "fields": {"project": "project-2", "name": "bug", "deleted": false, "color": "#FF0000", "inverted": true}, "model": "issue.label"}, {"pk": 5, "fields": {"project": "project-2", "name": "feature", "deleted": false, "color": "#00A000", "inverted": true}, "model": "issue.label"}, {"pk": 6, "fields": {"project": "project-2", "name": "documentation", "deleted": false, "color": "#1D3DBE", "inverted": true}, "model": "issue.label"}, {"pk": 7, "fields": {"project": "project-2", "name": "low priority", "deleted": false, "color": "#ffffff", "inverted": false}, "model": "issue.label"}, {"pk": 8, "fields": {"project": "project-3", "name": "bug", "deleted": false, "color": "#FF0000", "inverted": true}, "model": "issue.label"}, {"pk": 9, "fields": {"project": "project-3", "name": "feature", "deleted": false, "color": "#00A000", "inverted": true}, "model": "issue.label"}, {"pk": 10, "fields": {"project": "project-3", "name": "documentation", "deleted": false, "color": "#1D3DBE", "inverted": true}, "model": "issue.label"}, {"pk": 1, "fields": {"project": "project-1", "name": "v1.0", "closed": false, "due_date": "2014-08-12T19:43:00Z"}, "model": "issue.milestone"}, {"pk": 2, "fields": {"project": "project-2", "name": "v1.0", "closed": false, "due_date": null}, "model": "issue.milestone"}, {"pk": 3, "fields": {"project": "project-2", "name": "v2.0", "closed": false, "due_date": "2014-08-12T22:18:00Z"}, "model": "issue.milestone"}, {"pk": 1, "fields": {"manage_global_permission": false, "manage_tags": false, "manage_team": false, "grantee_name": "user3", "modify_project": false, "create_issue": false, "add_team": true, "manage_issue": false, "grantee_type": 0, "create_comment": false, "modify_comment": false, "manage_project_permission": false, "delete_tags": false, "modify_issue": false, "delete_project": false, "create_project": true, "delete_issue": false, "delete_comment": false}, "model": "issue.globalpermission"}, {"pk": 4, "fields": {"manage_global_permission": false, "manage_tags": false, "manage_team": false, "grantee_name": "group1", "modify_project": true, "create_issue": false, "add_team": true, "manage_issue": false, "grantee_type": 1, "create_comment": false, "modify_comment": false, "manage_project_permission": false, "delete_tags": false, "modify_issue": false, "delete_project": false, "create_project": false, "delete_issue": false, "delete_comment": false}, "model": "issue.globalpermission"}, {"pk": 5, "fields": {"manage_global_permission": false, "manage_tags": false, "manage_team": false, "grantee_name": "team1", "modify_project": false, "create_issue": false, "add_team": true, "manage_issue": false, "grantee_type": 2, "create_comment": false, "modify_comment": false, "manage_project_permission": false, "delete_tags": false, "modify_issue": false, "delete_project": true, "create_project": false, "delete_issue": false, "delete_comment": false}, "model": "issue.globalpermission"}, {"pk": 6, "fields": {"manage_global_permission": true, "manage_tags": false, "manage_team": false, "grantee_name": "user15", "modify_project": false, "create_issue": false, "add_team": false, "manage_issue": false, "grantee_type": 0, "create_comment": false, "modify_comment": false, "manage_project_permission": false, "delete_tags": false, "modify_issue": false, "delete_project": false, "create_project": false, "delete_issue": false, "delete_comment": false}, "model": "issue.globalpermission"}, {"pk": 1, "fields": {"project": "project-1", "manage_tags": false, "grantee_name": "user3", "create_issue": true, "manage_issue": false, "grantee_type": 0, "modify_comment": false, "manage_project_permission": false, "delete_tags": false, "modify_issue": false, "create_comment": false, "delete_issue": false, "delete_comment": false}, "model": "issue.projectpermission"}, {"pk": 2, "fields": {"project": "project-1", "manage_tags": false, "grantee_name": "group1", "create_issue": false, "manage_issue": false, "grantee_type": 1, "modify_comment": false, "manage_project_permission": false, "delete_tags": false, "modify_issue": true, "create_comment": false, "delete_issue": false, "delete_comment": false}, "model": "issue.projectpermission"}, {"pk": 3, "fields": {"project": "project-1", "manage_tags": false, "grantee_name": "team1", "create_issue": false, "manage_issue": false, "grantee_type": 2, "modify_comment": false, "manage_project_permission": false, "delete_tags": false, "modify_issue": false, "create_comment": false, "delete_issue": true, "delete_comment": false}, "model": "issue.projectpermission"}, {"pk": 4, "fields": {"project": "project-2", "manage_tags": false, "grantee_name": "user2", "create_issue": false, "manage_issue": false, "grantee_type": 0, "modify_comment": false, "manage_project_permission": false, "delete_tags": false, "modify_issue": false, "create_comment": false, "delete_issue": false, "delete_comment": false}, "model": "issue.projectpermission"}, {"pk": 5, "fields": {"project": "project-2", "manage_tags": false, "grantee_name": "user5", "create_issue": true, "manage_issue": false, "grantee_type": 0, "modify_comment": false, "manage_project_permission": false, "delete_tags": false, "modify_issue": false, "create_comment": false, "delete_issue": false, "delete_comment": false}, "model": "issue.projectpermission"}, {"pk": 6, "fields": {"project": "project-2", "manage_tags": false, "grantee_name": "user6", "create_issue": false, "manage_issue": true, "grantee_type": 0, "modify_comment": false, "manage_project_permission": false, "delete_tags": false, "modify_issue": false, "create_comment": false, "delete_issue": false, "delete_comment": false}, "model": "issue.projectpermission"}, {"pk": 7, "fields": {"project": "project-2", "manage_tags": false, "grantee_name": "user7", "create_issue": false, "manage_issue": false, "grantee_type": 0, "modify_comment": false, "manage_project_permission": false, "delete_tags": false, "modify_issue": true, "create_comment": false, "delete_issue": false, "delete_comment": false}, "model": "issue.projectpermission"}, {"pk": 8, "fields": {"project": "project-2", "manage_tags": false, "grantee_name": "user8", "create_issue": false, "manage_issue": false, "grantee_type": 0, "modify_comment": false, "manage_project_permission": false, "delete_tags": false, "modify_issue": false, "create_comment": false, "delete_issue": true, "delete_comment": false}, "model": "issue.projectpermission"}, {"pk": 9, "fields": {"project": "project-2", "manage_tags": false, "grantee_name": "user9", "create_issue": false, "manage_issue": false, "grantee_type": 0, "modify_comment": false, "manage_project_permission": false, "delete_tags": false, "modify_issue": false, "create_comment": true, "delete_issue": false, "delete_comment": false}, "model": "issue.projectpermission"}, {"pk": 10, "fields": {"project": "project-2", "manage_tags": false, "grantee_name": "user10", "create_issue": false, "manage_issue": false, "grantee_type": 0, "modify_comment": true, "manage_project_permission": false, "delete_tags": false, "modify_issue": false, "create_comment": false, "delete_issue": false, "delete_comment": false}, "model": "issue.projectpermission"}, {"pk": 11, "fields": {"project": "project-2", "manage_tags": false, "grantee_name": "user11", "create_issue": false, "manage_issue": false, "grantee_type": 0, "modify_comment": false, "manage_project_permission": false, "delete_tags": false, "modify_issue": false, "create_comment": false, "delete_issue": false, "delete_comment": true}, "model": "issue.projectpermission"}, {"pk": 12, "fields": {"project": "project-2", "manage_tags": true, "grantee_name": "user12", "create_issue": false, "manage_issue": false, "grantee_type": 0, "modify_comment": false, "manage_project_permission": false, "delete_tags": false, "modify_issue": false, "create_comment": false, "delete_issue": false, "delete_comment": false}, "model": "issue.projectpermission"}, {"pk": 13, "fields": {"project": "project-2", "manage_tags": false, "grantee_name": "user13", "create_issue": false, "manage_issue": false, "grantee_type": 0, "modify_comment": false, "manage_project_permission": false, "delete_tags": true, "modify_issue": false, "create_comment": false, "delete_issue": false, "delete_comment": false}, "model": "issue.projectpermission"}, {"pk": 14, "fields": {"project": "project-2", "manage_tags": false, "grantee_name": "user14", "create_issue": false, "manage_issue": false, "grantee_type": 0, "modify_comment": false, "manage_project_permission": true, "delete_tags": false, "modify_issue": false, "create_comment": false, "delete_issue": false, "delete_comment": false}, "model": "issue.projectpermission"}, {"pk": 1, "fields": {"name": "group1", "permissions": []}, "model": "auth.group"}, {"pk": 1, "fields": {"date_joined": "2014-08-08T16:41:05.033Z", "password": "pbkdf2_sha256$12000$qy5asFJAVx57$RneUin16DMOU6PIIdctZqjtUa0PjE2yDIiGAXg3qteI=", "first_name": "", "username": "admin", "is_superuser": true, "email": "", "is_staff": true, "user_permissions": [], "groups": [], "is_active": true, "last_name": "", "last_login": "2014-08-23T05:55:52.315Z"}, "model": "issue.user"}, {"pk": 2, "fields": {"date_joined": "2014-08-08T16:42:31Z", "password": "pbkdf2_sha256$12000$drENNTEqIkBE$2GqTBGncULxAw9bLc6vyta1p/uJGFYuU0zrurDK77nI=", "first_name": "", "username": "user1", "is_superuser": false, "email": "", "is_staff": false, "user_permissions": [], "groups": [], "is_active": true, "last_name": "", "last_login": "2014-08-23T06:07:06.755Z"}, "model": "issue.user"}, {"pk": 3, "fields": {"date_joined": "2014-08-08T18:26:40Z", "password": "pbkdf2_sha256$12000$3EduBVRie3iD$qHAbiBebSQq7RlJogSxeoWlinw8w7bcSXdOgn3WiyeM=", "first_name": "", "username": "user2", "is_superuser": false, "email": "", "is_staff": false, "user_permissions": [], "groups": [1], "is_active": true, "last_name": "", "last_login": "2014-08-23T06:08:36.529Z"}, "model": "issue.user"}, {"pk": 4, "fields": {"date_joined": "2014-08-08T18:27:04Z", "password": "pbkdf2_sha256$12000$9ReiA9Yfsiu2$o+T1rHBTb1wFYIbzDoGliOFhqdHMvvLyOAk80JQnCeg=", "first_name": "", "username": "user3", "is_superuser": false, "email": "", "is_staff": false, "user_permissions": [], "groups": [], "is_active": true, "last_name": "", "last_login": "2014-08-23T06:02:40.746Z"}, "model": "issue.user"}, {"pk": 5, "fields": {"date_joined": "2014-08-08T18:54:24.705Z", "password": "pbkdf2_sha256$12000$V83PwKTT9uhM$E+uXxLKQ7nmrDnJH+b/+MSp8jfkMkH0UxOZjqSjHJw4=", "first_name": "", "username": "user4", "is_superuser": false, "email": "", "is_staff": false, "user_permissions": [], "groups": [], "is_active": true, "last_name": "", "last_login": "2014-08-08T18:54:24.705Z"}, "model": "issue.user"}, {"pk": 6, "fields": {"date_joined": "2014-08-13T00:06:33.263Z", "password": "pbkdf2_sha256$12000$NOPq906lrJ8H$BMHx3slAgeQ3wgCHHjfULRgdhjLoDpQHzzlpzGvK2r0=", "first_name": "", "username": "user5", "is_superuser": false, "email": "", "is_staff": false, "user_permissions": [], "groups": [], "is_active": true, "last_name": "", "last_login": "2014-08-13T06:07:48.508Z"}, "model": "issue.user"}, {"pk": 7, "fields": {"date_joined": "2014-08-13T00:06:45.006Z", "password": "pbkdf2_sha256$12000$qIg3RVaNemsx$aKfUwN4s5szqS2c6t4s3xUm13F9am+rrYdeS17fNA+A=", "first_name": "", "username": "user6", "is_superuser": false, "email": "", "is_staff": false, "user_permissions": [], "groups": [], "is_active": true, "last_name": "", "last_login": "2014-08-13T00:06:45.006Z"}, "model": "issue.user"}, {"pk": 8, "fields": {"date_joined": "2014-08-13T00:06:51.123Z", "password": "pbkdf2_sha256$12000$aMEK1COCL2AQ$V1oN9jBNEk74+VY5Bzk+wgt+iaaDkt5F4lEfoZFuVEM=", "first_name": "", "username": "user7", "is_superuser": false, "email": "", "is_staff": false, "user_permissions": [], "groups": [], "is_active": true, "last_name": "", "last_login": "2014-08-13T00:06:51.123Z"}, "model": "issue.user"}, {"pk": 9, "fields": {"date_joined": "2014-08-13T00:06:58.258Z", "password": "pbkdf2_sha256$12000$pm8DYEcJ3tCd$dCOqr1XBut+SeZPcyaB/n/YvSl82x/ZTqQlqvYoTRAk=", "first_name": "", "username": "user8", "is_superuser": false, "email": "", "is_staff": false, "user_permissions": [], "groups": [], "is_active": true, "last_name": "", "last_login": "2014-08-13T00:06:58.258Z"}, "model": "issue.user"}, {"pk": 10, "fields": {"date_joined": "2014-08-13T00:07:06.058Z", "password": "pbkdf2_sha256$12000$rz8pHZi9D2wd$nS0Wzv6wKGIdaHf/w2W3s4WPc1UzNvrLGpxl73pDlc8=", "first_name": "", "username": "user9", "is_superuser": false, "email": "", "is_staff": false, "user_permissions": [], "groups": [], "is_active": true, "last_name": "", "last_login": "2014-08-13T00:07:06.058Z"}, "model": "issue.user"}, {"pk": 11, "fields": {"date_joined": "2014-08-19T02:20:10.928Z", "password": "pbkdf2_sha256$12000$PnfXEvOFXdkH$KNeQ9EmxcWQItwn0O6GAgrGqSsADpkLHDptLOZqRUz8=", "first_name": "", "username": "user10", "is_superuser": false, "email": "", "is_staff": false, "user_permissions": [], "groups": [], "is_active": true, "last_name": "", "last_login": "2014-08-19T02:20:10.928Z"}, "model": "issue.user"}, {"pk": 12, "fields": {"date_joined": "2014-08-19T02:20:24.679Z", "password": "pbkdf2_sha256$12000$YoD2cw2DWBrJ$grA3gBwYHXTFBm7rYqaYLbjTWfoxg3dMAXAJ5otVUeE=", "first_name": "", "username": "user11", "is_superuser": false, "email": "", "is_staff": false, "user_permissions": [], "groups": [], "is_active": true, "last_name": "", "last_login": "2014-08-19T02:20:24.679Z"}, "model": "issue.user"}, {"pk": 13, "fields": {"date_joined": "2014-08-19T02:20:31.288Z", "password": "pbkdf2_sha256$12000$PtLTOXgu60Fv$fKxvZLB7n70jbzDr5B9IJPcqz+KYdo2kjEsbe4mcpB8=", "first_name": "", "username": "user12", "is_superuser": false, "email": "", "is_staff": false, "user_permissions": [], "groups": [], "is_active": true, "last_name": "", "last_login": "2014-08-19T02:20:31.288Z"}, "model": "issue.user"}, {"pk": 14, "fields": {"date_joined": "2014-08-19T02:20:40.487Z", "password": "pbkdf2_sha256$12000$iOqaasAgA88c$A2lgrA4arjKQiRZ8X/N4X0TwCjk6Pq3b6MmVvFXJivY=", "first_name": "", "username": "user13", "is_superuser": false, "email": "", "is_staff": false, "user_permissions": [], "groups": [], "is_active": true, "last_name": "", "last_login": "2014-08-19T02:20:40.487Z"}, "model": "issue.user"}, {"pk": 15, "fields": {"date_joined": "2014-08-19T02:20:47.060Z", "password": "pbkdf2_sha256$12000$GrNF0rTyUow1$JtdT6tw1KxXEf7sgkBa3EAzWC8+uh1y1wybeZVIT6vc=", "first_name": "", "username": "user14", "is_superuser": false, "email": "", "is_staff": false, "user_permissions": [], "groups": [], "is_active": true, "last_name": "", "last_login": "2014-08-19T02:20:47.059Z"}, "model": "issue.user"}, {"pk": 16, "fields": {"date_joined": "2014-08-19T02:20:55.218Z", "password": "pbkdf2_sha256$12000$ixz6C18KVI4S$wnNJMJwB4oO0yz4NUTqbtrAdq6LxRbXFrq3mq0NkA3w=", "first_name": "", "username": "user15", "is_superuser": false, "email": "", "is_staff": false, "user_permissions": [], "groups": [], "is_active": true, "last_name": "", "last_login": "2014-08-19T02:20:55.218Z"}, "model": "issue.user"}, {"pk": 17, "fields": {"date_joined": "2014-08-19T02:21:03.081Z", "password": "pbkdf2_sha256$12000$LBpJTHuCS7Ri$G8rFIAcTxCUY7gYYoZ1v+qaHhNkitAibIkijZvSJnkU=", "first_name": "", "username": "user16", "is_superuser": false, "email": "", "is_staff": false, "user_permissions": [], "groups": [], "is_active": true, "last_name": "", "last_login": "2014-08-19T02:21:03.081Z"}, "model": "issue.user"}, {"pk": "project-1", "fields": {"access": 1, "description": "This is a public project.", "subscribers": [], "display_name": "Project 1"}, "model": "issue.project"}, {"pk": "project-2", "fields": {"access": 3, "description": "This is a private project.", "subscribers": [], "display_name": "Project 2"}, "model": "issue.project"}, {"pk": "project-3", "fields": {"access": 2, "description": "This is a project reachable only by connected users.", "subscribers": [1], "display_name": "Project 3"}, "model": "issue.project"}, {"pk": 1, "fields": {"project": "project-1", "author": 1, "milestone": 1, "assignee": null, "labels": [1], "title": "Issue 1", "opened_at": "2014-08-13T02:42:36.703Z", "subscribers": [], "id": 1, "closed": false}, "model": "issue.issue"}, {"pk": 2, "fields": {"project": "project-2", "author": 1, "milestone": 3, "assignee": null, "labels": [5, 7], "title": "Issue 1", "opened_at": "2014-08-13T05:18:20.391Z", "subscribers": [], "id": 1, "closed": false}, "model": "issue.issue"}, {"pk": 3, "fields": {"project": "project-2", "author": 1, "milestone": null, "assignee": null, "labels": [], "title": "Issue 2", "opened_at": "2014-08-13T06:04:58.153Z", "subscribers": [], "id": 2, "closed": true}, "model": "issue.issue"}, {"pk": 1, "fields": {"author": 1, "code": 11, "date": "2014-08-13T02:42:36.879Z", "_args": "{}", "issue": 1, "additionnal_section": "This is the first issue."}, "model": "issue.event"}, {"pk": 2, "fields": {"author": 1, "code": 4, "date": "2014-08-13T02:43:24.991Z", "_args": "{\"label\": 1}", "issue": 1, "additionnal_section": ""}, "model": "issue.event"}, {"pk": 3, "fields": {"author": 1, "code": 6, "date": "2014-08-13T02:43:36.623Z", "_args": "{\"milestone\": \"v1.0\"}", "issue": 1, "additionnal_section": ""}, "model": "issue.event"}, {"pk": 4, "fields": {"author": 1, "code": 11, "date": "2014-08-13T05:18:20.585Z", "_args": "{}", "issue": 2, "additionnal_section": "This is the first issue."}, "model": "issue.event"}, {"pk": 5, "fields": {"author": 1, "code": 4, "date": "2014-08-13T05:18:25.994Z", "_args": "{\"label\": 4}", "issue": 2, "additionnal_section": ""}, "model": "issue.event"}, {"pk": 6, "fields": {"author": 1, "code": 4, "date": "2014-08-13T05:18:30.765Z", "_args": "{\"label\": 5}", "issue": 2, "additionnal_section": ""}, "model": "issue.event"}, {"pk": 7, "fields": {"author": 1, "code": 5, "date": "2014-08-13T05:18:33.342Z", "_args": "{\"label\": 4}", "issue": 2, "additionnal_section": ""}, "model": "issue.event"}, {"pk": 8, "fields": {"author": 1, "code": 6, "date": "2014-08-13T05:18:40.484Z", "_args": "{\"milestone\": \"v1.0\"}", "issue": 2, "additionnal_section": ""}, "model": "issue.event"}, {"pk": 9, "fields": {"author": 1, "code": 7, "date": "2014-08-13T05:18:49.552Z", "_args": "{\"new_milestone\": \"v2.0\", \"old_milestone\": \"v1.0\"}", "issue": 2, "additionnal_section": ""}, "model": "issue.event"}, {"pk": 10, "fields": {"author": 1, "code": 10, "date": "2014-08-13T05:19:04.929Z", "_args": "{}", "issue": 2, "additionnal_section": "Done"}, "model": "issue.event"}, {"pk": 11, "fields": {"author": 1, "code": 1, "date": "2014-08-13T05:19:07.194Z", "_args": "{}", "issue": 2, "additionnal_section": ""}, "model": "issue.event"}, {"pk": 12, "fields": {"author": 1, "code": 10, "date": "2014-08-13T05:19:20.077Z", "_args": "{}", "issue": 2, "additionnal_section": "Missing things"}, "model": "issue.event"}, {"pk": 13, "fields": {"author": 1, "code": 2, "date": "2014-08-13T05:19:22.049Z", "_args": "{}", "issue": 2, "additionnal_section": ""}, "model": "issue.event"}, {"pk": 14, "fields": {"author": 1, "code": 4, "date": "2014-08-13T05:23:17.622Z", "_args": "{\"label\": 7}", "issue": 2, "additionnal_section": ""}, "model": "issue.event"}, {"pk": 15, "fields": {"author": 1, "code": 11, "date": "2014-08-13T06:04:58.351Z", "_args": "{}", "issue": 3, "additionnal_section": "This is the second issue."}, "model": "issue.event"}, {"pk": 16, "fields": {"author": 1, "code": 1, "date": "2014-08-13T06:05:00.212Z", "_args": "{}", "issue": 3, "additionnal_section": ""}, "model": "issue.event"}, {"pk": 1, "fields": {"name": "team1", "groups": [], "users": [2]}, "model": "issue.team"}, {"pk": 2, "fields": {"name": "team2", "groups": [1], "users": []}, "model": "issue.team"}]