[{"pk": 1, "model": "contenttypes.contenttype", "fields": {"name": "log entry", "app_label": "admin", "model": "logentry"}}, {"pk": 2, "model": "contenttypes.contenttype", "fields": {"name": "permission", "app_label": "auth", "model": "permission"}}, {"pk": 3, "model": "contenttypes.contenttype", "fields": {"name": "group", "app_label": "auth", "model": "group"}}, {"pk": 4, "model": "contenttypes.contenttype", "fields": {"name": "user", "app_label": "auth", "model": "user"}}, {"pk": 5, "model": "contenttypes.contenttype", "fields": {"name": "content type", "app_label": "contenttypes", "model": "contenttype"}}, {"pk": 6, "model": "contenttypes.contenttype", "fields": {"name": "session", "app_label": "sessions", "model": "session"}}, {"pk": 7, "model": "contenttypes.contenttype", "fields": {"name": "site", "app_label": "sites", "model": "site"}}, {"pk": 8, "model": "contenttypes.contenttype", "fields": {"name": "project", "app_label": "issue", "model": "project"}}, {"pk": 9, "model": "contenttypes.contenttype", "fields": {"name": "label", "app_label": "issue", "model": "label"}}, {"pk": 10, "model": "contenttypes.contenttype", "fields": {"name": "milestone", "app_label": "issue", "model": "milestone"}}, {"pk": 11, "model": "contenttypes.contenttype", "fields": {"name": "issue", "app_label": "issue", "model": "issue"}}, {"pk": 12, "model": "contenttypes.contenttype", "fields": {"name": "event", "app_label": "issue", "model": "event"}}, {"pk": 13, "model": "contenttypes.contenttype", "fields": {"name": "settings", "app_label": "issue", "model": "settings"}}, {"pk": 14, "model": "contenttypes.contenttype", "fields": {"name": "team", "app_label": "issue", "model": "team"}}, {"pk": 15, "model": "contenttypes.contenttype", "fields": {"name": "global permission", "app_label": "issue", "model": "globalpermission"}}, {"pk": 16, "model": "contenttypes.contenttype", "fields": {"name": "project permission", "app_label": "issue", "model": "projectpermission"}}, {"pk": 17, "model": "contenttypes.contenttype", "fields": {"name": "user", "app_label": "issue", "model": "user"}}, {"pk": "0vokkg3d6eq44xrx2ivfi2vuneoeidjs", "model": "sessions.session", "fields": {"expire_date": "2014-09-02T02:20:00.632Z", "session_data": "MjY5NjI4NWQ4MGY5MDhiNzFlMjQxNWU2MDNhNGU3OWE2M2JiODRhYzp7Il9hdXRoX3VzZXJfYmFja2VuZCI6ImRqYW5nby5jb250cmliLmF1dGguYmFja2VuZHMuTW9kZWxCYWNrZW5kIiwiX2F1dGhfdXNlcl9oYXNoIjoiYTMzMjc1MjY4NjdjNDFiYzM1MmVjNzcxMWMxMzlmMzRkZThkOTVlZCIsIl9hdXRoX3VzZXJfaWQiOjF9"}}, {"pk": "9072sbxqxf8m6dmofd2cd61mzn6r9gwb", "model": "sessions.session", "fields": {"expire_date": "2014-08-26T06:58:11.144Z", "session_data": "MWY2MzEyZDVhNGM3NzE0NzlhYjVhOTY0MDc1NjdjMzg0YTI1MTRiYjp7Il9hdXRoX3VzZXJfaGFzaCI6IjRiZWMyZjczMmUyOTJmOWRhZWE2ZjRhYWE3NDAyOTYxMThhNGZkMzAiLCJfYXV0aF91c2VyX2lkIjozLCJfYXV0aF91c2VyX2JhY2tlbmQiOiJkamFuZ28uY29udHJpYi5hdXRoLmJhY2tlbmRzLk1vZGVsQmFja2VuZCJ9"}}, {"pk": "dv666d09me3m9qbe1yjdno6gicwf85xl", "model": "sessions.session", "fields": {"expire_date": "2014-08-29T19:30:25.999Z", "session_data": "NjY1ODIwMTFlZWRhYjg2MzIyNjcwMWMzM2FmYTNjOGVmZjQ5MTM4NTp7fQ=="}}, {"pk": "pqd4c9l1pxxcglphnell7nj10nwgxhv5", "model": "sessions.session", "fields": {"expire_date": "2014-08-22T21:39:30.632Z", "session_data": "ODAwMGQyMTQzZWRmOTQxYWM5NzhhZTRkYmMxZjIyYTU1YWJiMDg4Zjp7Il9hdXRoX3VzZXJfYmFja2VuZCI6ImRqYW5nby5jb250cmliLmF1dGguYmFja2VuZHMuTW9kZWxCYWNrZW5kIiwiX2F1dGhfdXNlcl9pZCI6MywiX2F1dGhfdXNlcl9oYXNoIjoiNGJlYzJmNzMyZTI5MmY5ZGFlYTZmNGFhYTc0MDI5NjExOGE0ZmQzMCJ9"}}, {"pk": "tvfpugiiwxl29g1qrvkxz2cnthb8wy05", "model": "sessions.session", "fields": {"expire_date": "2014-08-27T02:25:33.439Z", "session_data": "OTk3MzRkYjkwZGRiYTJjMjdjYzU4MmZkN2Q4MmRhNDdlN2RlY2I2Nzp7Il9hdXRoX3VzZXJfaWQiOjEsIl9hdXRoX3VzZXJfaGFzaCI6ImEzMzI3NTI2ODY3YzQxYmMzNTJlYzc3MTFjMTM5ZjM0ZGU4ZDk1ZWQiLCJfYXV0aF91c2VyX2JhY2tlbmQiOiJkamFuZ28uY29udHJpYi5hdXRoLmJhY2tlbmRzLk1vZGVsQmFja2VuZCJ9"}}, {"pk": "u69nkkh0wafekkytyp2hvmo6i8ea0r1f", "model": "sessions.session", "fields": {"expire_date": "2014-08-27T06:08:48.671Z", "session_data": "MmQyM2RlMmM1NDNkYWI1ZTk2OWRlNTA4MWFmNmNmNWIzYjZiZTAzOTp7Il9hdXRoX3VzZXJfaWQiOjEsIl9hdXRoX3VzZXJfYmFja2VuZCI6ImRqYW5nby5jb250cmliLmF1dGguYmFja2VuZHMuTW9kZWxCYWNrZW5kIiwiX2F1dGhfdXNlcl9oYXNoIjoiYTMzMjc1MjY4NjdjNDFiYzM1MmVjNzcxMWMxMzlmMzRkZThkOTVlZCJ9"}}, {"pk": "u82z217z07qhpr1ta0d7e0yws0v5tcrc", "model": "sessions.session", "fields": {"expire_date": "2014-08-27T00:05:43.910Z", "session_data": "OTk3MzRkYjkwZGRiYTJjMjdjYzU4MmZkN2Q4MmRhNDdlN2RlY2I2Nzp7Il9hdXRoX3VzZXJfaWQiOjEsIl9hdXRoX3VzZXJfaGFzaCI6ImEzMzI3NTI2ODY3YzQxYmMzNTJlYzc3MTFjMTM5ZjM0ZGU4ZDk1ZWQiLCJfYXV0aF91c2VyX2JhY2tlbmQiOiJkamFuZ28uY29udHJpYi5hdXRoLmJhY2tlbmRzLk1vZGVsQmFja2VuZCJ9"}}, {"pk": "ulbl2kkyz1mmstv1obcb2isxzxbd40pb", "model": "sessions.session", "fields": {"expire_date": "2014-08-22T21:16:54.042Z", "session_data": "ODAwMGQyMTQzZWRmOTQxYWM5NzhhZTRkYmMxZjIyYTU1YWJiMDg4Zjp7Il9hdXRoX3VzZXJfYmFja2VuZCI6ImRqYW5nby5jb250cmliLmF1dGguYmFja2VuZHMuTW9kZWxCYWNrZW5kIiwiX2F1dGhfdXNlcl9pZCI6MywiX2F1dGhfdXNlcl9oYXNoIjoiNGJlYzJmNzMyZTI5MmY5ZGFlYTZmNGFhYTc0MDI5NjExOGE0ZmQzMCJ9"}}, {"pk": "xkl50v01skood5nezx6zhg3bfwruxhi2", "model": "sessions.session", "fields": {"expire_date": "2014-08-22T16:41:38.940Z", "session_data": "ZWExYjgwZmIyZTIxNGU4Y2RjOWJiMDc0NWJmMWI4Yjk0OTE2YjE3MDp7Il9hdXRoX3VzZXJfYmFja2VuZCI6ImRqYW5nby5jb250cmliLmF1dGguYmFja2VuZHMuTW9kZWxCYWNrZW5kIiwiX2F1dGhfdXNlcl9pZCI6MSwiX2F1dGhfdXNlcl9oYXNoIjoiYTMzMjc1MjY4NjdjNDFiYzM1MmVjNzcxMWMxMzlmMzRkZThkOTVlZCJ9"}}, {"pk": 1, "model": "sites.site", "fields": {"name": "example.com", "domain": "example.com"}}, {"pk": 1, "model": "issue.label", "fields": {"project": "project-1", "name": "bug", "color": "#FF0000", "inverted": true, "deleted": false}}, {"pk": 2, "model": "issue.label", "fields": {"project": "project-1", "name": "feature", "color": "#00A000", "inverted": true, "deleted": false}}, {"pk": 3, "model": "issue.label", "fields": {"project": "project-1", "name": "documentation", "color": "#1D3DBE", "inverted": true, "deleted": false}}, {"pk": 4, "model": "issue.label", "fields": {"project": "project-2", "name": "bug", "color": "#FF0000", "inverted": true, "deleted": false}}, {"pk": 5, "model": "issue.label", "fields": {"project": "project-2", "name": "feature", "color": "#00A000", "inverted": true, "deleted": false}}, {"pk": 6, "model": "issue.label", "fields": {"project": "project-2", "name": "documentation", "color": "#1D3DBE", "inverted": true, "deleted": false}}, {"pk": 7, "model": "issue.label", "fields": {"project": "project-2", "name": "low priority", "color": "#ffffff", "inverted": false, "deleted": false}}, {"pk": 1, "model": "issue.milestone", "fields": {"project": "project-1", "name": "v1.0", "closed": false, "due_date": "2014-08-12T19:43:00Z"}}, {"pk": 2, "model": "issue.milestone", "fields": {"project": "project-2", "name": "v1.0", "closed": false, "due_date": null}}, {"pk": 3, "model": "issue.milestone", "fields": {"project": "project-2", "name": "v2.0", "closed": false, "due_date": "2014-08-12T22:18:00Z"}}, {"pk": 1, "model": "issue.globalpermission", "fields": {"grantee_name": "user3", "manage_team": false, "modify_comment": false, "delete_comment": false, "manage_tags": false, "create_issue": false, "create_comment": false, "grantee_type": 0, "delete_tags": false, "delete_project": false, "add_team": true, "modify_issue": false, "create_project": true, "manage_project_permission": false, "manage_global_permission": false, "manage_issue": false, "modify_project": false, "delete_issue": false}}, {"pk": 4, "model": "issue.globalpermission", "fields": {"grantee_name": "group1", "manage_team": false, "modify_comment": false, "delete_comment": false, "manage_tags": false, "create_issue": false, "create_comment": false, "grantee_type": 1, "delete_tags": false, "delete_project": false, "add_team": true, "modify_issue": false, "create_project": false, "manage_project_permission": false, "manage_global_permission": false, "manage_issue": false, "modify_project": true, "delete_issue": false}}, {"pk": 5, "model": "issue.globalpermission", "fields": {"grantee_name": "team1", "manage_team": false, "modify_comment": false, "delete_comment": false, "manage_tags": false, "create_issue": false, "create_comment": false, "grantee_type": 2, "delete_tags": false, "delete_project": true, "add_team": true, "modify_issue": false, "create_project": false, "manage_project_permission": false, "manage_global_permission": false, "manage_issue": false, "modify_project": false, "delete_issue": false}}, {"pk": 1, "model": "issue.projectpermission", "fields": {"delete_issue": false, "modify_comment": false, "manage_tags": false, "grantee_type": 0, "create_comment": false, "project": "project-1", "create_issue": true, "delete_tags": false, "modify_issue": false, "manage_project_permission": false, "delete_comment": false, "manage_issue": false, "grantee_name": "user3"}}, {"pk": 2, "model": "issue.projectpermission", "fields": {"delete_issue": false, "modify_comment": false, "manage_tags": false, "grantee_type": 1, "create_comment": false, "project": "project-1", "create_issue": false, "delete_tags": false, "modify_issue": true, "manage_project_permission": false, "delete_comment": false, "manage_issue": false, "grantee_name": "group1"}}, {"pk": 3, "model": "issue.projectpermission", "fields": {"delete_issue": true, "modify_comment": false, "manage_tags": false, "grantee_type": 2, "create_comment": false, "project": "project-1", "create_issue": false, "delete_tags": false, "modify_issue": false, "manage_project_permission": false, "delete_comment": false, "manage_issue": false, "grantee_name": "team1"}}, {"pk": 4, "model": "issue.projectpermission", "fields": {"delete_issue": false, "modify_comment": false, "manage_tags": false, "grantee_type": 0, "create_comment": false, "project": "project-2", "create_issue": false, "delete_tags": false, "modify_issue": false, "manage_project_permission": false, "delete_comment": false, "manage_issue": false, "grantee_name": "user2"}}, {"pk": 5, "model": "issue.projectpermission", "fields": {"delete_issue": false, "modify_comment": false, "manage_tags": false, "grantee_type": 0, "create_comment": false, "project": "project-2", "create_issue": true, "delete_tags": false, "modify_issue": false, "manage_project_permission": false, "delete_comment": false, "manage_issue": false, "grantee_name": "user5"}}, {"pk": 6, "model": "issue.projectpermission", "fields": {"delete_issue": false, "modify_comment": false, "manage_tags": false, "grantee_type": 0, "create_comment": false, "project": "project-2", "create_issue": false, "delete_tags": false, "modify_issue": false, "manage_project_permission": false, "delete_comment": false, "manage_issue": true, "grantee_name": "user6"}}, {"pk": 7, "model": "issue.projectpermission", "fields": {"delete_issue": false, "modify_comment": false, "manage_tags": false, "grantee_type": 0, "create_comment": false, "project": "project-2", "create_issue": false, "delete_tags": false, "modify_issue": true, "manage_project_permission": false, "delete_comment": false, "manage_issue": false, "grantee_name": "user7"}}, {"pk": 8, "model": "issue.projectpermission", "fields": {"delete_issue": true, "modify_comment": false, "manage_tags": false, "grantee_type": 0, "create_comment": false, "project": "project-2", "create_issue": false, "delete_tags": false, "modify_issue": false, "manage_project_permission": false, "delete_comment": false, "manage_issue": false, "grantee_name": "user8"}}, {"pk": 9, "model": "issue.projectpermission", "fields": {"delete_issue": false, "modify_comment": false, "manage_tags": false, "grantee_type": 0, "create_comment": true, "project": "project-2", "create_issue": false, "delete_tags": false, "modify_issue": false, "manage_project_permission": false, "delete_comment": false, "manage_issue": false, "grantee_name": "user9"}}, {"pk": 10, "model": "issue.projectpermission", "fields": {"delete_issue": false, "modify_comment": true, "manage_tags": false, "grantee_type": 0, "create_comment": false, "project": "project-2", "create_issue": false, "delete_tags": false, "modify_issue": false, "manage_project_permission": false, "delete_comment": false, "manage_issue": false, "grantee_name": "user10"}}, {"pk": 11, "model": "issue.projectpermission", "fields": {"delete_issue": false, "modify_comment": false, "manage_tags": false, "grantee_type": 0, "create_comment": false, "project": "project-2", "create_issue": false, "delete_tags": false, "modify_issue": false, "manage_project_permission": false, "delete_comment": true, "manage_issue": false, "grantee_name": "user11"}}, {"pk": 1, "model": "auth.permission", "fields": {"name": "Can add log entry", "content_type": 1, "codename": "add_logentry"}}, {"pk": 2, "model": "auth.permission", "fields": {"name": "Can change log entry", "content_type": 1, "codename": "change_logentry"}}, {"pk": 3, "model": "auth.permission", "fields": {"name": "Can delete log entry", "content_type": 1, "codename": "delete_logentry"}}, {"pk": 4, "model": "auth.permission", "fields": {"name": "Can add permission", "content_type": 2, "codename": "add_permission"}}, {"pk": 5, "model": "auth.permission", "fields": {"name": "Can change permission", "content_type": 2, "codename": "change_permission"}}, {"pk": 6, "model": "auth.permission", "fields": {"name": "Can delete permission", "content_type": 2, "codename": "delete_permission"}}, {"pk": 7, "model": "auth.permission", "fields": {"name": "Can add group", "content_type": 3, "codename": "add_group"}}, {"pk": 8, "model": "auth.permission", "fields": {"name": "Can change group", "content_type": 3, "codename": "change_group"}}, {"pk": 9, "model": "auth.permission", "fields": {"name": "Can delete group", "content_type": 3, "codename": "delete_group"}}, {"pk": 10, "model": "auth.permission", "fields": {"name": "Can add user", "content_type": 4, "codename": "add_user"}}, {"pk": 11, "model": "auth.permission", "fields": {"name": "Can change user", "content_type": 4, "codename": "change_user"}}, {"pk": 12, "model": "auth.permission", "fields": {"name": "Can delete user", "content_type": 4, "codename": "delete_user"}}, {"pk": 13, "model": "auth.permission", "fields": {"name": "Can add content type", "content_type": 5, "codename": "add_contenttype"}}, {"pk": 14, "model": "auth.permission", "fields": {"name": "Can change content type", "content_type": 5, "codename": "change_contenttype"}}, {"pk": 15, "model": "auth.permission", "fields": {"name": "Can delete content type", "content_type": 5, "codename": "delete_contenttype"}}, {"pk": 16, "model": "auth.permission", "fields": {"name": "Can add session", "content_type": 6, "codename": "add_session"}}, {"pk": 17, "model": "auth.permission", "fields": {"name": "Can change session", "content_type": 6, "codename": "change_session"}}, {"pk": 18, "model": "auth.permission", "fields": {"name": "Can delete session", "content_type": 6, "codename": "delete_session"}}, {"pk": 19, "model": "auth.permission", "fields": {"name": "Can add site", "content_type": 7, "codename": "add_site"}}, {"pk": 20, "model": "auth.permission", "fields": {"name": "Can change site", "content_type": 7, "codename": "change_site"}}, {"pk": 21, "model": "auth.permission", "fields": {"name": "Can delete site", "content_type": 7, "codename": "delete_site"}}, {"pk": 22, "model": "auth.permission", "fields": {"name": "Can add project", "content_type": 8, "codename": "add_project"}}, {"pk": 23, "model": "auth.permission", "fields": {"name": "Can change project", "content_type": 8, "codename": "change_project"}}, {"pk": 24, "model": "auth.permission", "fields": {"name": "Can delete project", "content_type": 8, "codename": "delete_project"}}, {"pk": 25, "model": "auth.permission", "fields": {"name": "Can add label", "content_type": 9, "codename": "add_label"}}, {"pk": 26, "model": "auth.permission", "fields": {"name": "Can change label", "content_type": 9, "codename": "change_label"}}, {"pk": 27, "model": "auth.permission", "fields": {"name": "Can delete label", "content_type": 9, "codename": "delete_label"}}, {"pk": 28, "model": "auth.permission", "fields": {"name": "Can add milestone", "content_type": 10, "codename": "add_milestone"}}, {"pk": 29, "model": "auth.permission", "fields": {"name": "Can change milestone", "content_type": 10, "codename": "change_milestone"}}, {"pk": 30, "model": "auth.permission", "fields": {"name": "Can delete milestone", "content_type": 10, "codename": "delete_milestone"}}, {"pk": 31, "model": "auth.permission", "fields": {"name": "Can add issue", "content_type": 11, "codename": "add_issue"}}, {"pk": 32, "model": "auth.permission", "fields": {"name": "Can change issue", "content_type": 11, "codename": "change_issue"}}, {"pk": 33, "model": "auth.permission", "fields": {"name": "Can delete issue", "content_type": 11, "codename": "delete_issue"}}, {"pk": 34, "model": "auth.permission", "fields": {"name": "Can add event", "content_type": 12, "codename": "add_event"}}, {"pk": 35, "model": "auth.permission", "fields": {"name": "Can change event", "content_type": 12, "codename": "change_event"}}, {"pk": 36, "model": "auth.permission", "fields": {"name": "Can delete event", "content_type": 12, "codename": "delete_event"}}, {"pk": 37, "model": "auth.permission", "fields": {"name": "Can add settings", "content_type": 13, "codename": "add_settings"}}, {"pk": 38, "model": "auth.permission", "fields": {"name": "Can change settings", "content_type": 13, "codename": "change_settings"}}, {"pk": 39, "model": "auth.permission", "fields": {"name": "Can delete settings", "content_type": 13, "codename": "delete_settings"}}, {"pk": 40, "model": "auth.permission", "fields": {"name": "Can add team", "content_type": 14, "codename": "add_team"}}, {"pk": 41, "model": "auth.permission", "fields": {"name": "Can change team", "content_type": 14, "codename": "change_team"}}, {"pk": 42, "model": "auth.permission", "fields": {"name": "Can delete team", "content_type": 14, "codename": "delete_team"}}, {"pk": 43, "model": "auth.permission", "fields": {"name": "Can add global permission", "content_type": 15, "codename": "add_globalpermission"}}, {"pk": 44, "model": "auth.permission", "fields": {"name": "Can change global permission", "content_type": 15, "codename": "change_globalpermission"}}, {"pk": 45, "model": "auth.permission", "fields": {"name": "Can delete global permission", "content_type": 15, "codename": "delete_globalpermission"}}, {"pk": 46, "model": "auth.permission", "fields": {"name": "Can add project permission", "content_type": 16, "codename": "add_projectpermission"}}, {"pk": 47, "model": "auth.permission", "fields": {"name": "Can change project permission", "content_type": 16, "codename": "change_projectpermission"}}, {"pk": 48, "model": "auth.permission", "fields": {"name": "Can delete project permission", "content_type": 16, "codename": "delete_projectpermission"}}, {"pk": 1, "model": "auth.group", "fields": {"name": "group1", "permissions": []}}, {"pk": 1, "model": "auth.user", "fields": {"is_superuser": true, "first_name": "", "last_name": "", "is_active": true, "groups": [], "last_login": "2014-08-19T02:20:00.506Z", "email": "", "date_joined": "2014-08-08T16:41:05.033Z", "user_permissions": [], "is_staff": true, "username": "admin", "password": "pbkdf2_sha256$12000$qy5asFJAVx57$RneUin16DMOU6PIIdctZqjtUa0PjE2yDIiGAXg3qteI="}}, {"pk": 2, "model": "auth.user", "fields": {"is_superuser": false, "first_name": "", "last_name": "", "is_active": true, "groups": [], "last_login": "2014-08-08T16:42:31Z", "email": "", "date_joined": "2014-08-08T16:42:31Z", "user_permissions": [], "is_staff": false, "username": "user1", "password": "pbkdf2_sha256$12000$drENNTEqIkBE$2GqTBGncULxAw9bLc6vyta1p/uJGFYuU0zrurDK77nI="}}, {"pk": 3, "model": "auth.user", "fields": {"is_superuser": false, "first_name": "", "last_name": "", "is_active": true, "groups": [1], "last_login": "2014-08-08T21:39:30.498Z", "email": "", "date_joined": "2014-08-08T18:26:40Z", "user_permissions": [], "is_staff": false, "username": "user2", "password": "pbkdf2_sha256$12000$3EduBVRie3iD$qHAbiBebSQq7RlJogSxeoWlinw8w7bcSXdOgn3WiyeM="}}, {"pk": 4, "model": "auth.user", "fields": {"is_superuser": false, "first_name": "", "last_name": "", "is_active": true, "groups": [], "last_login": "2014-08-08T18:27:04Z", "email": "", "date_joined": "2014-08-08T18:27:04Z", "user_permissions": [], "is_staff": false, "username": "user3", "password": "pbkdf2_sha256$12000$9ReiA9Yfsiu2$o+T1rHBTb1wFYIbzDoGliOFhqdHMvvLyOAk80JQnCeg="}}, {"pk": 5, "model": "auth.user", "fields": {"is_superuser": false, "first_name": "", "last_name": "", "is_active": true, "groups": [], "last_login": "2014-08-08T18:54:24.705Z", "email": "", "date_joined": "2014-08-08T18:54:24.705Z", "user_permissions": [], "is_staff": false, "username": "user4", "password": "pbkdf2_sha256$12000$V83PwKTT9uhM$E+uXxLKQ7nmrDnJH+b/+MSp8jfkMkH0UxOZjqSjHJw4="}}, {"pk": 6, "model": "auth.user", "fields": {"is_superuser": false, "first_name": "", "last_name": "", "is_active": true, "groups": [], "last_login": "2014-08-13T06:07:48.508Z", "email": "", "date_joined": "2014-08-13T00:06:33.263Z", "user_permissions": [], "is_staff": false, "username": "user5", "password": "pbkdf2_sha256$12000$NOPq906lrJ8H$BMHx3slAgeQ3wgCHHjfULRgdhjLoDpQHzzlpzGvK2r0="}}, {"pk": 7, "model": "auth.user", "fields": {"is_superuser": false, "first_name": "", "last_name": "", "is_active": true, "groups": [], "last_login": "2014-08-13T00:06:45.006Z", "email": "", "date_joined": "2014-08-13T00:06:45.006Z", "user_permissions": [], "is_staff": false, "username": "user6", "password": "pbkdf2_sha256$12000$qIg3RVaNemsx$aKfUwN4s5szqS2c6t4s3xUm13F9am+rrYdeS17fNA+A="}}, {"pk": 8, "model": "auth.user", "fields": {"is_superuser": false, "first_name": "", "last_name": "", "is_active": true, "groups": [], "last_login": "2014-08-13T00:06:51.123Z", "email": "", "date_joined": "2014-08-13T00:06:51.123Z", "user_permissions": [], "is_staff": false, "username": "user7", "password": "pbkdf2_sha256$12000$aMEK1COCL2AQ$V1oN9jBNEk74+VY5Bzk+wgt+iaaDkt5F4lEfoZFuVEM="}}, {"pk": 9, "model": "auth.user", "fields": {"is_superuser": false, "first_name": "", "last_name": "", "is_active": true, "groups": [], "last_login": "2014-08-13T00:06:58.258Z", "email": "", "date_joined": "2014-08-13T00:06:58.258Z", "user_permissions": [], "is_staff": false, "username": "user8", "password": "pbkdf2_sha256$12000$pm8DYEcJ3tCd$dCOqr1XBut+SeZPcyaB/n/YvSl82x/ZTqQlqvYoTRAk="}}, {"pk": 10, "model": "auth.user", "fields": {"is_superuser": false, "first_name": "", "last_name": "", "is_active": true, "groups": [], "last_login": "2014-08-13T00:07:06.058Z", "email": "", "date_joined": "2014-08-13T00:07:06.058Z", "user_permissions": [], "is_staff": false, "username": "user9", "password": "pbkdf2_sha256$12000$rz8pHZi9D2wd$nS0Wzv6wKGIdaHf/w2W3s4WPc1UzNvrLGpxl73pDlc8="}}, {"pk": 11, "model": "auth.user", "fields": {"is_superuser": false, "first_name": "", "last_name": "", "is_active": true, "groups": [], "last_login": "2014-08-19T02:20:10.928Z", "email": "", "date_joined": "2014-08-19T02:20:10.928Z", "user_permissions": [], "is_staff": false, "username": "user10", "password": "pbkdf2_sha256$12000$PnfXEvOFXdkH$KNeQ9EmxcWQItwn0O6GAgrGqSsADpkLHDptLOZqRUz8="}}, {"pk": 12, "model": "auth.user", "fields": {"is_superuser": false, "first_name": "", "last_name": "", "is_active": true, "groups": [], "last_login": "2014-08-19T02:20:24.679Z", "email": "", "date_joined": "2014-08-19T02:20:24.679Z", "user_permissions": [], "is_staff": false, "username": "user11", "password": "pbkdf2_sha256$12000$YoD2cw2DWBrJ$grA3gBwYHXTFBm7rYqaYLbjTWfoxg3dMAXAJ5otVUeE="}}, {"pk": 13, "model": "auth.user", "fields": {"is_superuser": false, "first_name": "", "last_name": "", "is_active": true, "groups": [], "last_login": "2014-08-19T02:20:31.288Z", "email": "", "date_joined": "2014-08-19T02:20:31.288Z", "user_permissions": [], "is_staff": false, "username": "user12", "password": "pbkdf2_sha256$12000$PtLTOXgu60Fv$fKxvZLB7n70jbzDr5B9IJPcqz+KYdo2kjEsbe4mcpB8="}}, {"pk": 14, "model": "auth.user", "fields": {"is_superuser": false, "first_name": "", "last_name": "", "is_active": true, "groups": [], "last_login": "2014-08-19T02:20:40.487Z", "email": "", "date_joined": "2014-08-19T02:20:40.487Z", "user_permissions": [], "is_staff": false, "username": "user13", "password": "pbkdf2_sha256$12000$iOqaasAgA88c$A2lgrA4arjKQiRZ8X/N4X0TwCjk6Pq3b6MmVvFXJivY="}}, {"pk": 15, "model": "auth.user", "fields": {"is_superuser": false, "first_name": "", "last_name": "", "is_active": true, "groups": [], "last_login": "2014-08-19T02:20:47.059Z", "email": "", "date_joined": "2014-08-19T02:20:47.060Z", "user_permissions": [], "is_staff": false, "username": "user14", "password": "pbkdf2_sha256$12000$GrNF0rTyUow1$JtdT6tw1KxXEf7sgkBa3EAzWC8+uh1y1wybeZVIT6vc="}}, {"pk": 16, "model": "auth.user", "fields": {"is_superuser": false, "first_name": "", "last_name": "", "is_active": true, "groups": [], "last_login": "2014-08-19T02:20:55.218Z", "email": "", "date_joined": "2014-08-19T02:20:55.218Z", "user_permissions": [], "is_staff": false, "username": "user15", "password": "pbkdf2_sha256$12000$ixz6C18KVI4S$wnNJMJwB4oO0yz4NUTqbtrAdq6LxRbXFrq3mq0NkA3w="}}, {"pk": 17, "model": "auth.user", "fields": {"is_superuser": false, "first_name": "", "last_name": "", "is_active": true, "groups": [], "last_login": "2014-08-19T02:21:03.081Z", "email": "", "date_joined": "2014-08-19T02:21:03.081Z", "user_permissions": [], "is_staff": false, "username": "user16", "password": "pbkdf2_sha256$12000$LBpJTHuCS7Ri$G8rFIAcTxCUY7gYYoZ1v+qaHhNkitAibIkijZvSJnkU="}}, {"pk": "project-1", "model": "issue.project", "fields": {"public": true, "description": "This is a public project.", "subscribers": [], "display_name": "Project 1"}}, {"pk": "project-2", "model": "issue.project", "fields": {"public": false, "description": "This is a private project.", "subscribers": [], "display_name": "Project 2"}}, {"pk": 1, "model": "issue.issue", "fields": {"labels": [1], "author": 1, "title": "Issue 1", "milestone": 1, "project": "project-1", "id": 1, "opened_at": "2014-08-13T02:42:36.703Z", "subscribers": [], "assignee": null, "closed": false}}, {"pk": 2, "model": "issue.issue", "fields": {"labels": [5, 7], "author": 1, "title": "Issue 1", "milestone": 3, "project": "project-2", "id": 1, "opened_at": "2014-08-13T05:18:20.391Z", "subscribers": [], "assignee": null, "closed": false}}, {"pk": 3, "model": "issue.issue", "fields": {"labels": [], "author": 1, "title": "Issue 2", "milestone": null, "project": "project-2", "id": 2, "opened_at": "2014-08-13T06:04:58.153Z", "subscribers": [], "assignee": null, "closed": true}}, {"pk": 1, "model": "issue.event", "fields": {"author": 1, "code": 11, "_args": "{}", "date": "2014-08-13T02:42:36.879Z", "issue": 1, "additionnal_section": "This is the first issue."}}, {"pk": 2, "model": "issue.event", "fields": {"author": 1, "code": 4, "_args": "{\"label\": 1}", "date": "2014-08-13T02:43:24.991Z", "issue": 1, "additionnal_section": ""}}, {"pk": 3, "model": "issue.event", "fields": {"author": 1, "code": 6, "_args": "{\"milestone\": \"v1.0\"}", "date": "2014-08-13T02:43:36.623Z", "issue": 1, "additionnal_section": ""}}, {"pk": 4, "model": "issue.event", "fields": {"author": 1, "code": 11, "_args": "{}", "date": "2014-08-13T05:18:20.585Z", "issue": 2, "additionnal_section": "This is the first issue."}}, {"pk": 5, "model": "issue.event", "fields": {"author": 1, "code": 4, "_args": "{\"label\": 4}", "date": "2014-08-13T05:18:25.994Z", "issue": 2, "additionnal_section": ""}}, {"pk": 6, "model": "issue.event", "fields": {"author": 1, "code": 4, "_args": "{\"label\": 5}", "date": "2014-08-13T05:18:30.765Z", "issue": 2, "additionnal_section": ""}}, {"pk": 7, "model": "issue.event", "fields": {"author": 1, "code": 5, "_args": "{\"label\": 4}", "date": "2014-08-13T05:18:33.342Z", "issue": 2, "additionnal_section": ""}}, {"pk": 8, "model": "issue.event", "fields": {"author": 1, "code": 6, "_args": "{\"milestone\": \"v1.0\"}", "date": "2014-08-13T05:18:40.484Z", "issue": 2, "additionnal_section": ""}}, {"pk": 9, "model": "issue.event", "fields": {"author": 1, "code": 7, "_args": "{\"new_milestone\": \"v2.0\", \"old_milestone\": \"v1.0\"}", "date": "2014-08-13T05:18:49.552Z", "issue": 2, "additionnal_section": ""}}, {"pk": 10, "model": "issue.event", "fields": {"author": 1, "code": 10, "_args": "{}", "date": "2014-08-13T05:19:04.929Z", "issue": 2, "additionnal_section": "Done"}}, {"pk": 11, "model": "issue.event", "fields": {"author": 1, "code": 1, "_args": "{}", "date": "2014-08-13T05:19:07.194Z", "issue": 2, "additionnal_section": ""}}, {"pk": 12, "model": "issue.event", "fields": {"author": 1, "code": 10, "_args": "{}", "date": "2014-08-13T05:19:20.077Z", "issue": 2, "additionnal_section": "Missing things"}}, {"pk": 13, "model": "issue.event", "fields": {"author": 1, "code": 2, "_args": "{}", "date": "2014-08-13T05:19:22.049Z", "issue": 2, "additionnal_section": ""}}, {"pk": 14, "model": "issue.event", "fields": {"author": 1, "code": 4, "_args": "{\"label\": 7}", "date": "2014-08-13T05:23:17.622Z", "issue": 2, "additionnal_section": ""}}, {"pk": 15, "model": "issue.event", "fields": {"author": 1, "code": 11, "_args": "{}", "date": "2014-08-13T06:04:58.351Z", "issue": 3, "additionnal_section": "This is the second issue."}}, {"pk": 16, "model": "issue.event", "fields": {"author": 1, "code": 1, "_args": "{}", "date": "2014-08-13T06:05:00.212Z", "issue": 3, "additionnal_section": ""}}, {"pk": 1, "model": "issue.team", "fields": {"name": "team1", "users": [2], "groups": []}}, {"pk": 2, "model": "issue.team", "fields": {"name": "team2", "users": [], "groups": [1]}}, {"pk": 1, "model": "admin.logentry", "fields": {"object_id": "2", "user": 1, "change_message": "", "object_repr": "user1", "content_type": 4, "action_flag": 1, "action_time": "2014-08-08T16:42:31.376Z"}}, {"pk": 2, "model": "admin.logentry", "fields": {"object_id": "1", "user": 1, "change_message": "", "object_repr": "group1", "content_type": 3, "action_flag": 1, "action_time": "2014-08-08T18:26:25.358Z"}}, {"pk": 3, "model": "admin.logentry", "fields": {"object_id": "3", "user": 1, "change_message": "", "object_repr": "user2", "content_type": 4, "action_flag": 1, "action_time": "2014-08-08T18:26:40.841Z"}}, {"pk": 4, "model": "admin.logentry", "fields": {"object_id": "1", "user": 1, "change_message": "", "object_repr": "team1", "content_type": 14, "action_flag": 1, "action_time": "2014-08-08T18:26:44.875Z"}}, {"pk": 5, "model": "admin.logentry", "fields": {"object_id": "2", "user": 1, "change_message": "", "object_repr": "team2", "content_type": 14, "action_flag": 1, "action_time": "2014-08-08T18:26:53.220Z"}}, {"pk": 6, "model": "admin.logentry", "fields": {"object_id": "4", "user": 1, "change_message": "", "object_repr": "user3", "content_type": 4, "action_flag": 1, "action_time": "2014-08-08T18:27:04.108Z"}}, {"pk": 7, "model": "admin.logentry", "fields": {"object_id": "4", "user": 1, "change_message": "Changed groups.", "object_repr": "user3", "content_type": 4, "action_flag": 2, "action_time": "2014-08-08T18:27:15.492Z"}}, {"pk": 8, "model": "admin.logentry", "fields": {"object_id": "1", "user": 1, "change_message": "Changed users.", "object_repr": "team1", "content_type": 14, "action_flag": 2, "action_time": "2014-08-08T18:34:58.697Z"}}, {"pk": 9, "model": "admin.logentry", "fields": {"object_id": "4", "user": 1, "change_message": "Changed groups.", "object_repr": "user3", "content_type": 4, "action_flag": 2, "action_time": "2014-08-08T18:35:14.882Z"}}, {"pk": 10, "model": "admin.logentry", "fields": {"object_id": "2", "user": 1, "change_message": "Changed groups.", "object_repr": "user1", "content_type": 4, "action_flag": 2, "action_time": "2014-08-08T18:35:20.072Z"}}, {"pk": 11, "model": "admin.logentry", "fields": {"object_id": "2", "user": 1, "change_message": "Changed groups.", "object_repr": "user1", "content_type": 4, "action_flag": 2, "action_time": "2014-08-08T18:36:02.040Z"}}, {"pk": 12, "model": "admin.logentry", "fields": {"object_id": "1", "user": 1, "change_message": "No fields changed.", "object_repr": "team1", "content_type": 14, "action_flag": 2, "action_time": "2014-08-08T18:36:10.947Z"}}, {"pk": 13, "model": "admin.logentry", "fields": {"object_id": "3", "user": 1, "change_message": "Changed groups.", "object_repr": "user2", "content_type": 4, "action_flag": 2, "action_time": "2014-08-08T18:36:24.856Z"}}, {"pk": 14, "model": "admin.logentry", "fields": {"object_id": "2", "user": 1, "change_message": "No fields changed.", "object_repr": "team2", "content_type": 14, "action_flag": 2, "action_time": "2014-08-08T18:36:30.902Z"}}, {"pk": 15, "model": "admin.logentry", "fields": {"object_id": "1", "user": 1, "change_message": "No fields changed.", "object_repr": "team1", "content_type": 14, "action_flag": 2, "action_time": "2014-08-08T18:37:56.866Z"}}, {"pk": 16, "model": "admin.logentry", "fields": {"object_id": "5", "user": 1, "change_message": "", "object_repr": "user4", "content_type": 4, "action_flag": 1, "action_time": "2014-08-08T18:54:24.771Z"}}, {"pk": 17, "model": "admin.logentry", "fields": {"object_id": "6", "user": 1, "change_message": "", "object_repr": "user5", "content_type": 4, "action_flag": 1, "action_time": "2014-08-13T00:06:33.326Z"}}, {"pk": 18, "model": "admin.logentry", "fields": {"object_id": "7", "user": 1, "change_message": "", "object_repr": "user6", "content_type": 4, "action_flag": 1, "action_time": "2014-08-13T00:06:45.049Z"}}, {"pk": 19, "model": "admin.logentry", "fields": {"object_id": "8", "user": 1, "change_message": "", "object_repr": "user7", "content_type": 4, "action_flag": 1, "action_time": "2014-08-13T00:06:51.167Z"}}, {"pk": 20, "model": "admin.logentry", "fields": {"object_id": "9", "user": 1, "change_message": "", "object_repr": "user8", "content_type": 4, "action_flag": 1, "action_time": "2014-08-13T00:06:58.302Z"}}, {"pk": 21, "model": "admin.logentry", "fields": {"object_id": "10", "user": 1, "change_message": "", "object_repr": "user9", "content_type": 4, "action_flag": 1, "action_time": "2014-08-13T00:07:06.103Z"}}, {"pk": 22, "model": "admin.logentry", "fields": {"object_id": "11", "user": 1, "change_message": "", "object_repr": "user10", "content_type": 4, "action_flag": 1, "action_time": "2014-08-19T02:20:10.975Z"}}, {"pk": 23, "model": "admin.logentry", "fields": {"object_id": "12", "user": 1, "change_message": "", "object_repr": "user11", "content_type": 4, "action_flag": 1, "action_time": "2014-08-19T02:20:24.723Z"}}, {"pk": 24, "model": "admin.logentry", "fields": {"object_id": "13", "user": 1, "change_message": "", "object_repr": "user12", "content_type": 4, "action_flag": 1, "action_time": "2014-08-19T02:20:31.332Z"}}, {"pk": 25, "model": "admin.logentry", "fields": {"object_id": "14", "user": 1, "change_message": "", "object_repr": "user13", "content_type": 4, "action_flag": 1, "action_time": "2014-08-19T02:20:40.533Z"}}, {"pk": 26, "model": "admin.logentry", "fields": {"object_id": "15", "user": 1, "change_message": "", "object_repr": "user14", "content_type": 4, "action_flag": 1, "action_time": "2014-08-19T02:20:47.106Z"}}, {"pk": 27, "model": "admin.logentry", "fields": {"object_id": "16", "user": 1, "change_message": "", "object_repr": "user15", "content_type": 4, "action_flag": 1, "action_time": "2014-08-19T02:20:55.265Z"}}, {"pk": 28, "model": "admin.logentry", "fields": {"object_id": "17", "user": 1, "change_message": "", "object_repr": "user16", "content_type": 4, "action_flag": 1, "action_time": "2014-08-19T02:21:03.137Z"}}]